X,Y,month,day,FFMC,DMC,DC,ISI,temp,RH,wind,rain,area,dataset
7,5,3,5,86.2,26.2,94.3,5.1,8.2,51,6.7,0.0,0.0,original
7,4,10,2,90.6,35.4,669.1,6.7,18.0,33,0.9,0.0,0.0,original
7,4,10,6,90.6,43.7,686.9,6.7,14.6,33,1.3,0.0,0.0,original
8,6,3,5,91.7,33.3,77.5,9.0,8.3,97,4.0,0.2,0.0,original
8,6,3,7,89.3,51.3,102.2,9.6,11.4,99,1.8,0.0,0.0,original
8,6,8,7,92.3,85.3,488.0,14.7,22.2,29,5.4,0.0,0.0,original
8,6,8,1,92.3,88.9,495.6,8.5,24.1,27,3.1,0.0,0.0,original
8,6,8,1,91.5,145.4,608.2,10.7,8.0,86,2.2,0.0,0.0,original
8,6,9,2,91.0,129.5,692.6,7.0,13.1,63,5.4,0.0,0.0,original
7,5,9,6,92.5,88.0,698.6,7.1,22.8,40,4.0,0.0,0.0,original
7,5,9,6,92.5,88.0,698.6,7.1,17.8,51,7.2,0.0,0.0,original
7,5,9,6,92.8,73.2,713.0,22.6,19.3,38,4.0,0.0,0.0,original
6,5,8,5,63.5,70.8,665.3,0.8,17.0,72,6.7,0.0,0.0,original
6,5,9,1,90.9,126.5,686.5,7.0,21.3,42,2.2,0.0,0.0,original
6,5,9,3,92.9,133.3,699.6,9.2,26.4,21,4.5,0.0,0.0,original
6,5,9,5,93.3,141.2,713.9,13.9,22.9,44,5.4,0.0,0.0,original
5,5,3,6,91.7,35.8,80.8,7.8,15.1,27,5.4,0.0,0.0,original
8,5,10,1,84.9,32.8,664.2,3.0,16.7,47,4.9,0.0,0.0,original
6,4,3,3,89.2,27.9,70.8,6.3,15.9,35,4.0,0.0,0.0,original
6,4,4,6,86.3,27.4,97.1,5.1,9.3,44,4.5,0.0,0.0,original
6,4,9,2,91.0,129.5,692.6,7.0,18.3,40,2.7,0.0,0.0,original
5,4,9,1,91.8,78.5,724.3,9.2,19.1,38,2.7,0.0,0.0,original
7,4,6,7,94.3,96.3,200.0,56.1,21.0,44,4.5,0.0,0.0,original
7,4,8,6,90.2,110.9,537.4,6.2,19.5,43,5.8,0.0,0.0,original
7,4,8,6,93.5,139.4,594.2,20.3,23.7,32,5.8,0.0,0.0,original
7,4,8,7,91.4,142.4,601.4,10.6,16.3,60,5.4,0.0,0.0,original
7,4,9,5,92.4,117.9,668.0,12.2,19.0,34,5.8,0.0,0.0,original
7,4,9,1,90.9,126.5,686.5,7.0,19.4,48,1.3,0.0,0.0,original
6,3,9,6,93.4,145.4,721.4,8.1,30.2,24,2.7,0.0,0.0,original
6,3,9,7,93.5,149.3,728.6,8.1,22.8,39,3.6,0.0,0.0,original
6,3,9,5,94.3,85.1,692.3,15.9,25.4,24,3.6,0.0,0.0,original
6,3,9,1,88.6,91.8,709.9,7.1,11.2,78,7.6,0.0,0.0,original
6,3,9,5,88.6,69.7,706.8,5.8,20.6,37,1.8,0.0,0.0,original
6,3,9,7,91.7,75.6,718.3,7.8,17.7,39,3.6,0.0,0.0,original
6,3,9,1,91.8,78.5,724.3,9.2,21.2,32,2.7,0.0,0.0,original
6,3,9,2,90.3,80.7,730.2,6.3,18.2,62,4.5,0.0,0.0,original
6,3,10,2,90.6,35.4,669.1,6.7,21.7,24,4.5,0.0,0.0,original
7,4,10,5,90.0,41.5,682.6,8.7,11.3,60,5.4,0.0,0.0,original
7,3,10,6,90.6,43.7,686.9,6.7,17.8,27,4.0,0.0,0.0,original
4,4,3,2,88.1,25.7,67.6,3.8,14.1,43,2.7,0.0,0.0,original
4,4,7,2,79.5,60.6,366.7,1.5,23.3,37,3.1,0.0,0.0,original
4,4,8,6,90.2,96.9,624.2,8.9,18.4,42,6.7,0.0,0.0,original
4,4,8,2,94.8,108.3,647.1,17.0,16.6,54,5.4,0.0,0.0,original
4,4,9,6,92.5,88.0,698.6,7.1,19.6,48,2.7,0.0,0.0,original
4,4,9,3,90.1,82.9,735.7,6.2,12.9,74,4.9,0.0,0.0,original
5,6,9,3,94.3,85.1,692.3,15.9,25.9,24,4.0,0.0,0.0,original
5,6,9,1,90.9,126.5,686.5,7.0,14.7,70,3.6,0.0,0.0,original
6,6,7,1,94.2,62.3,442.9,11.0,23.0,36,3.1,0.0,0.0,original
4,4,3,1,87.2,23.9,64.7,4.1,11.8,35,1.8,0.0,0.0,original
4,4,3,1,87.6,52.2,103.8,5.0,11.0,46,5.8,0.0,0.0,original
4,4,9,4,92.9,137.0,706.4,9.2,20.8,17,1.3,0.0,0.0,original
4,3,8,7,90.2,99.6,631.2,6.3,21.5,34,2.2,0.0,0.0,original
4,3,8,3,92.1,111.2,654.1,9.6,20.4,42,4.9,0.0,0.0,original
4,3,8,3,92.1,111.2,654.1,9.6,20.4,42,4.9,0.0,0.0,original
4,3,8,4,91.7,114.3,661.3,6.3,17.6,45,3.6,0.0,0.0,original
4,3,9,4,92.9,137.0,706.4,9.2,27.7,24,2.2,0.0,0.0,original
4,3,9,2,90.3,80.7,730.2,6.3,17.8,63,4.9,0.0,0.0,original
4,3,10,7,92.6,46.5,691.8,8.8,13.8,50,2.7,0.0,0.0,original
2,2,2,1,84.0,9.3,34.0,2.1,13.9,40,5.4,0.0,0.0,original
2,2,2,5,86.6,13.2,43.0,5.3,12.3,51,0.9,0.0,0.0,original
2,2,3,7,89.3,51.3,102.2,9.6,11.5,39,5.8,0.0,0.0,original
2,2,3,7,89.3,51.3,102.2,9.6,5.5,59,6.3,0.0,0.0,original
2,2,8,4,93.0,75.3,466.6,7.7,18.8,35,4.9,0.0,0.0,original
2,2,8,7,90.2,99.6,631.2,6.3,20.8,33,2.7,0.0,0.0,original
2,2,8,1,91.1,103.2,638.8,5.8,23.1,31,3.1,0.0,0.0,original
2,2,8,4,91.7,114.3,661.3,6.3,18.6,44,4.5,0.0,0.0,original
2,2,9,5,92.4,117.9,668.0,12.2,23.0,37,4.5,0.0,0.0,original
2,2,9,5,92.4,117.9,668.0,12.2,19.6,33,5.4,0.0,0.0,original
2,2,9,5,92.4,117.9,668.0,12.2,19.6,33,6.3,0.0,0.0,original
4,5,3,5,91.7,33.3,77.5,9.0,17.2,26,4.5,0.0,0.0,original
4,5,3,5,91.2,48.3,97.8,12.5,15.8,27,7.6,0.0,0.0,original
4,5,9,5,94.3,85.1,692.3,15.9,17.7,37,3.6,0.0,0.0,original
5,4,3,5,91.7,33.3,77.5,9.0,15.6,25,6.3,0.0,0.0,original
5,4,8,2,88.8,147.3,614.5,9.0,17.3,43,4.5,0.0,0.0,original
5,4,9,5,93.3,141.2,713.9,13.9,27.6,30,1.3,0.0,0.0,original
9,9,2,4,84.2,6.8,26.6,7.7,6.7,79,3.1,0.0,0.0,original
9,9,2,5,86.6,13.2,43.0,5.3,15.7,43,3.1,0.0,0.0,original
1,3,3,1,87.6,52.2,103.8,5.0,8.3,72,3.1,0.0,0.0,original
1,2,8,5,90.1,108.0,529.8,12.5,14.7,66,2.7,0.0,0.0,original
1,2,8,2,91.0,121.2,561.6,7.0,21.6,19,6.7,0.0,0.0,original
1,2,8,7,91.4,142.4,601.4,10.6,19.5,39,6.3,0.0,0.0,original
1,2,8,7,90.2,99.6,631.2,6.3,17.9,44,2.2,0.0,0.0,original
1,2,8,2,94.8,108.3,647.1,17.0,18.6,51,4.5,0.0,0.0,original
1,2,8,3,92.1,111.2,654.1,9.6,16.6,47,0.9,0.0,0.0,original
1,2,8,4,91.7,114.3,661.3,6.3,20.2,45,3.6,0.0,0.0,original
1,2,9,4,92.9,137.0,706.4,9.2,21.5,15,0.9,0.0,0.0,original
1,2,9,4,92.9,137.0,706.4,9.2,25.4,27,2.2,0.0,0.0,original
1,2,9,4,92.9,137.0,706.4,9.2,22.4,34,2.2,0.0,0.0,original
1,2,9,7,93.5,149.3,728.6,8.1,25.3,36,3.6,0.0,0.0,original
6,5,3,6,91.7,35.8,80.8,7.8,17.4,25,4.9,0.0,0.0,original
6,5,8,6,90.2,96.9,624.2,8.9,14.7,59,5.8,0.0,0.0,original
8,6,3,5,91.7,35.8,80.8,7.8,17.4,24,5.4,0.0,0.0,original
8,6,8,7,92.3,85.3,488.0,14.7,20.8,32,6.3,0.0,0.0,original
8,6,8,7,91.4,142.4,601.4,10.6,18.2,43,4.9,0.0,0.0,original
8,6,8,1,91.1,103.2,638.8,5.8,23.4,22,2.7,0.0,0.0,original
4,4,9,7,89.7,90.0,704.4,4.8,17.8,64,1.3,0.0,0.0,original
3,4,2,6,83.9,8.0,30.2,2.6,12.7,48,1.8,0.0,0.0,original
3,4,3,6,69.0,2.4,15.5,0.7,17.4,24,5.4,0.0,0.0,original
3,4,8,7,91.4,142.4,601.4,10.6,11.6,87,4.5,0.0,0.0,original
3,4,8,7,91.4,142.4,601.4,10.6,19.8,39,5.4,0.0,0.0,original
3,4,8,7,91.4,142.4,601.4,10.6,19.8,39,5.4,0.0,0.0,original
3,4,8,2,88.8,147.3,614.5,9.0,14.4,66,5.4,0.0,0.0,original
2,4,8,2,94.8,108.3,647.1,17.0,20.1,40,4.0,0.0,0.0,original
2,4,9,6,92.5,121.1,674.4,8.6,24.1,29,4.5,0.0,0.0,original
2,4,1,6,82.1,3.7,9.3,2.9,5.3,78,3.1,0.0,0.0,original
4,5,3,5,85.9,19.5,57.3,2.8,12.7,52,6.3,0.0,0.0,original
4,5,3,4,91.4,30.7,74.3,7.5,18.2,29,3.1,0.0,0.0,original
4,5,8,7,90.2,99.6,631.2,6.3,21.4,33,3.1,0.0,0.0,original
4,5,9,6,92.5,88.0,698.6,7.1,20.3,45,3.1,0.0,0.0,original
4,5,9,1,88.6,91.8,709.9,7.1,17.4,56,5.4,0.0,0.0,original
4,4,3,5,85.9,19.5,57.3,2.8,13.7,43,5.8,0.0,0.0,original
3,4,3,5,91.7,33.3,77.5,9.0,18.8,18,4.5,0.0,0.0,original
3,4,9,7,89.7,90.0,704.4,4.8,22.8,39,3.6,0.0,0.0,original
3,4,9,1,91.8,78.5,724.3,9.2,18.9,35,2.7,0.0,0.0,original
3,4,3,2,88.1,25.7,67.6,3.8,15.8,27,7.6,0.0,0.0,original
3,5,3,2,88.1,25.7,67.6,3.8,15.5,27,6.3,0.0,0.0,original
3,4,3,6,91.7,35.8,80.8,7.8,11.6,30,6.3,0.0,0.0,original
3,4,3,6,91.7,35.8,80.8,7.8,15.2,27,4.9,0.0,0.0,original
3,4,3,1,90.1,39.7,86.6,6.2,10.6,30,4.0,0.0,0.0,original
3,4,8,4,93.0,75.3,466.6,7.7,19.6,36,3.1,0.0,0.0,original
3,4,8,1,91.5,145.4,608.2,10.7,10.3,74,2.2,0.0,0.0,original
3,4,8,1,91.5,145.4,608.2,10.7,17.1,43,5.4,0.0,0.0,original
3,4,9,7,92.4,124.1,680.7,8.5,22.5,42,5.4,0.0,0.0,original
3,4,9,2,84.4,73.4,671.9,3.2,17.9,45,3.1,0.0,0.0,original
3,4,9,5,94.3,85.1,692.3,15.9,19.8,50,5.4,0.0,0.0,original
3,4,10,7,92.6,46.5,691.8,8.8,20.6,24,5.4,0.0,0.0,original
3,5,3,1,87.6,52.2,103.8,5.0,9.0,49,2.2,0.0,0.0,original
3,5,9,5,93.5,149.3,728.6,8.1,17.2,43,3.1,0.0,0.0,original
3,5,10,3,91.4,37.9,673.8,5.2,15.9,46,3.6,0.0,0.0,original
2,5,10,7,92.6,46.5,691.8,8.8,15.4,35,0.9,0.0,0.0,original
4,6,2,6,68.2,21.5,87.2,0.8,15.4,40,2.7,0.0,0.0,original
4,6,3,1,87.2,23.9,64.7,4.1,14.0,39,3.1,0.0,0.0,original
4,6,3,7,89.3,51.3,102.2,9.6,10.6,46,4.9,0.0,0.0,original
4,6,9,4,93.7,80.9,685.2,17.9,17.6,42,3.1,0.0,0.0,original
3,5,3,2,88.1,25.7,67.6,3.8,14.9,38,2.7,0.0,0.0,original
3,5,8,6,93.5,139.4,594.2,20.3,17.6,52,5.8,0.0,0.0,original
3,6,9,7,92.4,124.1,680.7,8.5,17.2,58,1.3,0.0,0.0,original
3,6,9,1,90.9,126.5,686.5,7.0,15.6,66,3.1,0.0,0.0,original
9,9,7,2,85.8,48.3,313.4,3.9,18.0,42,2.7,0.0,0.36,original
1,4,9,2,91.0,129.5,692.6,7.0,21.7,38,2.2,0.0,0.43,original
2,5,9,1,90.9,126.5,686.5,7.0,21.9,39,1.8,0.0,0.47,original
1,2,8,3,95.5,99.9,513.3,13.2,23.3,31,4.5,0.0,0.55,original
8,6,8,5,90.1,108.0,529.8,12.5,21.2,51,8.9,0.0,0.61,original
1,2,7,6,90.0,51.3,296.3,8.7,16.6,53,5.4,0.0,0.71,original
2,5,8,3,95.5,99.9,513.3,13.2,23.8,32,5.4,0.0,0.77,original
6,5,8,4,95.2,131.7,578.8,10.4,27.4,22,4.0,0.0,0.9,original
5,4,3,1,90.1,39.7,86.6,6.2,13.2,40,5.4,0.0,0.95,original
8,3,9,2,84.4,73.4,671.9,3.2,24.2,28,3.6,0.0,0.96,original
2,2,8,2,94.8,108.3,647.1,17.0,17.4,43,6.7,0.0,1.07,original
8,6,9,4,93.7,80.9,685.2,17.9,23.7,25,4.5,0.0,1.12,original
6,5,6,5,92.5,56.4,433.3,7.1,23.2,39,5.4,0.0,1.19,original
9,9,7,7,90.1,68.6,355.2,7.2,24.8,29,2.2,0.0,1.36,original
3,4,7,6,90.1,51.2,424.1,6.2,24.6,43,1.8,0.0,1.43,original
5,4,9,5,94.3,85.1,692.3,15.9,20.1,47,4.9,0.0,1.46,original
1,5,9,6,93.4,145.4,721.4,8.1,29.6,27,2.7,0.0,1.46,original
7,4,8,7,94.8,108.3,647.1,17.0,16.4,47,1.3,0.0,1.56,original
2,4,9,6,93.4,145.4,721.4,8.1,28.6,27,2.2,0.0,1.61,original
2,2,8,3,92.1,111.2,654.1,9.6,18.4,45,3.6,0.0,1.63,original
2,4,8,3,92.1,111.2,654.1,9.6,20.5,35,4.0,0.0,1.64,original
7,4,9,5,92.4,117.9,668.0,12.2,19.0,34,5.8,0.0,1.69,original
7,4,3,1,90.1,39.7,86.6,6.2,16.1,29,3.1,0.0,1.75,original
6,4,8,4,95.2,131.7,578.8,10.4,20.3,41,4.0,0.0,1.9,original
6,3,3,6,90.6,50.1,100.4,7.8,15.2,31,8.5,0.0,1.94,original
8,6,9,6,92.5,121.1,674.4,8.6,17.8,56,1.8,0.0,1.95,original
8,5,9,7,89.7,90.0,704.4,4.8,17.8,67,2.2,0.0,2.01,original
6,5,3,4,84.9,18.2,55.0,3.0,5.3,70,4.5,0.0,2.14,original
6,5,8,3,92.1,111.2,654.1,9.6,16.6,47,0.9,0.0,2.29,original
6,5,8,3,96.0,127.1,570.5,16.5,23.4,33,4.5,0.0,2.51,original
6,5,3,5,91.2,48.3,97.8,12.5,14.6,26,9.4,0.0,2.53,original
8,6,8,4,95.2,131.7,578.8,10.4,20.7,45,2.2,0.0,2.55,original
5,4,9,3,92.9,133.3,699.6,9.2,21.9,35,1.8,0.0,2.57,original
8,6,8,3,85.6,90.4,609.6,6.6,17.4,50,4.0,0.0,2.69,original
7,4,8,7,91.4,142.4,601.4,10.6,20.1,39,5.4,0.0,2.74,original
4,4,9,1,90.9,126.5,686.5,7.0,17.7,39,2.2,0.0,3.07,original
1,4,8,6,90.2,96.9,624.2,8.9,14.2,53,1.8,0.0,3.5,original
1,4,8,6,90.2,96.9,624.2,8.9,20.3,39,4.9,0.0,4.53,original
6,5,4,4,81.5,9.1,55.2,2.7,5.8,54,5.8,0.0,4.61,original
2,5,8,7,90.2,99.6,631.2,6.3,19.2,44,2.7,0.0,4.69,original
2,5,9,3,90.1,82.9,735.7,6.2,18.3,45,2.2,0.0,4.88,original
8,6,8,2,88.8,147.3,614.5,9.0,14.4,66,5.4,0.0,5.23,original
1,3,9,7,92.4,124.1,680.7,8.5,23.9,32,6.7,0.0,5.33,original
8,6,10,1,84.9,32.8,664.2,3.0,19.1,32,4.0,0.0,5.44,original
5,4,2,7,86.8,15.6,48.3,3.9,12.4,53,2.2,0.0,6.38,original
7,4,10,1,91.7,48.5,696.1,11.1,16.8,45,4.5,0.0,6.83,original
8,6,8,5,93.9,135.7,586.7,15.1,20.8,34,4.9,0.0,6.96,original
2,5,9,2,91.0,129.5,692.6,7.0,17.6,46,3.1,0.0,7.04,original
8,6,3,7,89.3,51.3,102.2,9.6,11.5,39,5.8,0.0,7.19,original
1,5,9,1,90.9,126.5,686.5,7.0,21.0,42,2.2,0.0,7.3,original
6,4,3,6,90.8,41.9,89.4,7.9,13.3,42,0.9,0.0,7.4,original
7,4,3,7,90.7,44.0,92.4,5.5,11.5,60,4.0,0.0,8.24,original
6,5,3,5,91.2,48.3,97.8,12.5,11.7,33,4.0,0.0,8.31,original
2,5,8,4,95.2,131.7,578.8,10.4,24.2,28,2.7,0.0,8.68,original
2,2,8,2,94.8,108.3,647.1,17.0,24.6,22,4.5,0.0,8.71,original
4,5,9,3,92.9,133.3,699.6,9.2,24.3,25,4.0,0.0,9.41,original
2,2,8,2,94.8,108.3,647.1,17.0,24.6,22,4.5,0.0,10.01,original
2,5,8,5,93.9,135.7,586.7,15.1,23.5,36,5.4,0.0,10.02,original
6,5,4,4,81.5,9.1,55.2,2.7,5.8,54,5.8,0.0,10.93,original
4,5,9,4,92.9,137.0,706.4,9.2,21.5,15,0.9,0.0,11.06,original
3,4,9,2,91.0,129.5,692.6,7.0,13.9,59,6.3,0.0,11.24,original
2,4,9,1,63.5,70.8,665.3,0.8,22.6,38,3.6,0.0,11.32,original
1,5,9,2,91.0,129.5,692.6,7.0,21.6,33,2.2,0.0,11.53,original
6,5,3,7,90.1,37.6,83.7,7.2,12.4,54,3.6,0.0,12.1,original
7,4,2,7,83.9,8.7,32.1,2.1,8.8,68,2.2,0.0,13.05,original
8,6,10,3,91.4,37.9,673.8,5.2,20.2,37,2.7,0.0,13.7,original
5,6,3,6,90.6,50.1,100.4,7.8,15.1,64,4.0,0.0,13.99,original
4,5,9,4,92.9,137.0,706.4,9.2,22.1,34,1.8,0.0,14.57,original
2,2,8,6,93.5,139.4,594.2,20.3,22.9,31,7.2,0.0,15.45,original
7,5,9,2,91.0,129.5,692.6,7.0,20.7,37,2.2,0.0,17.2,original
6,5,9,5,92.4,117.9,668.0,12.2,19.6,33,6.3,0.0,19.23,original
8,3,9,4,93.7,80.9,685.2,17.9,23.2,26,4.9,0.0,23.41,original
4,4,10,6,90.6,43.7,686.9,6.7,18.4,25,3.1,0.0,24.23,original
7,4,8,6,93.5,139.4,594.2,20.3,5.1,96,5.8,0.0,26.0,original
7,4,9,5,94.3,85.1,692.3,15.9,20.1,47,4.9,0.0,26.13,original
7,3,3,1,87.6,52.2,103.8,5.0,11.0,46,5.8,0.0,27.35,original
4,4,3,6,91.7,35.8,80.8,7.8,17.0,27,4.9,0.0,28.66,original
4,4,3,6,91.7,35.8,80.8,7.8,17.0,27,4.9,0.0,28.66,original
4,4,9,7,92.4,124.1,680.7,8.5,16.9,60,1.3,0.0,29.48,original
1,3,9,1,88.6,91.8,709.9,7.1,12.4,73,6.3,0.0,30.32,original
4,5,9,3,92.9,133.3,699.6,9.2,19.4,19,1.3,0.0,31.72,original
6,5,3,1,90.1,39.7,86.6,6.2,15.2,27,3.1,0.0,31.86,original
8,6,8,7,90.2,99.6,631.2,6.3,16.2,59,3.1,0.0,32.07,original
3,4,9,5,93.3,141.2,713.9,13.9,18.6,49,3.6,0.0,35.88,original
4,3,3,1,87.6,52.2,103.8,5.0,11.0,46,5.8,0.0,36.85,original
2,2,7,5,88.3,150.3,309.9,6.8,13.4,79,3.6,0.0,37.02,original
7,4,9,3,90.1,82.9,735.7,6.2,15.4,57,4.5,0.0,37.71,original
4,4,9,7,93.5,149.3,728.6,8.1,22.9,39,4.9,0.0,48.55,original
7,5,10,1,91.7,48.5,696.1,11.1,16.1,44,4.0,0.0,49.37,original
8,6,8,6,92.2,81.8,480.8,11.9,20.1,34,4.5,0.0,58.3,original
4,6,9,7,93.5,149.3,728.6,8.1,28.3,26,3.1,0.0,64.1,original
8,6,8,6,92.2,81.8,480.8,11.9,16.4,43,4.0,0.0,71.3,original
4,4,9,3,92.9,133.3,699.6,9.2,26.4,21,4.5,0.0,88.49,original
1,5,9,7,93.5,149.3,728.6,8.1,27.8,27,3.1,0.0,95.18,original
6,4,9,2,91.0,129.5,692.6,7.0,18.7,43,2.7,0.0,103.39,original
9,4,9,2,84.4,73.4,671.9,3.2,24.3,36,3.1,0.0,105.66,original
4,5,9,6,92.5,121.1,674.4,8.6,17.7,25,3.1,0.0,154.88,original
8,6,8,7,91.4,142.4,601.4,10.6,19.6,41,5.8,0.0,196.48,original
2,2,9,6,92.5,121.1,674.4,8.6,18.2,46,1.8,0.0,200.94,original
1,2,9,2,91.0,129.5,692.6,7.0,18.8,40,2.2,0.0,212.88,original
6,5,9,6,92.5,121.1,674.4,8.6,25.1,27,4.0,0.0,1090.84,original
7,5,4,7,81.9,3.0,7.9,3.5,13.4,75,1.8,0.0,0.0,original
6,3,4,3,88.0,17.2,43.5,3.8,15.2,51,2.7,0.0,0.0,original
4,4,4,5,83.0,23.3,85.3,2.3,16.7,20,3.1,0.0,0.0,original
2,4,8,7,94.2,122.3,589.9,12.9,15.4,66,4.0,0.0,10.13,original
7,4,8,7,91.8,175.1,700.7,13.8,21.9,73,7.6,1.0,0.0,original
2,4,8,7,91.8,175.1,700.7,13.8,22.4,54,7.6,0.0,2.87,original
3,4,8,7,91.8,175.1,700.7,13.8,26.8,38,6.3,0.0,0.76,original
5,4,8,7,91.8,175.1,700.7,13.8,25.7,39,5.4,0.0,0.09,original
2,4,8,3,92.2,91.6,503.6,9.6,20.7,70,2.2,0.0,0.75,original
8,6,8,3,93.1,157.3,666.7,13.5,28.7,28,2.7,0.0,0.0,original
3,4,8,3,93.1,157.3,666.7,13.5,21.7,40,0.4,0.0,2.47,original
8,5,8,3,93.1,157.3,666.7,13.5,26.8,25,3.1,0.0,0.68,original
8,5,8,3,93.1,157.3,666.7,13.5,24.0,36,3.1,0.0,0.24,original
6,5,8,3,93.1,157.3,666.7,13.5,22.1,37,3.6,0.0,0.21,original
7,4,8,4,91.9,109.2,565.5,8.0,21.4,38,2.7,0.0,1.52,original
6,3,8,4,91.6,138.1,621.7,6.3,18.9,41,3.1,0.0,10.34,original
2,5,8,4,87.5,77.0,694.8,5.0,22.3,46,4.0,0.0,0.0,original
8,6,8,6,94.2,117.2,581.1,11.0,23.9,41,2.2,0.0,8.02,original
4,3,8,6,94.2,117.2,581.1,11.0,21.4,44,2.7,0.0,0.68,original
3,4,8,6,91.8,170.9,692.3,13.7,20.6,59,0.9,0.0,0.0,original
7,4,8,6,91.8,170.9,692.3,13.7,23.7,40,1.8,0.0,1.38,original
2,4,8,1,93.6,97.9,542.0,14.4,28.3,32,4.0,0.0,8.85,original
3,4,8,5,91.6,112.4,573.0,8.9,11.2,84,7.6,0.0,3.3,original
2,4,8,5,91.6,112.4,573.0,8.9,21.4,42,3.1,0.0,4.25,original
6,3,8,5,91.1,141.1,629.1,7.1,19.3,39,3.6,0.0,1.56,original
4,4,8,5,94.3,167.6,684.4,13.0,21.8,53,3.1,0.0,6.54,original
4,4,8,2,93.7,102.2,550.3,14.6,22.1,54,7.6,0.0,0.79,original
6,5,8,2,94.3,131.7,607.1,22.7,19.4,55,4.0,0.0,0.17,original
2,2,8,2,92.1,152.6,658.2,14.3,23.7,24,3.1,0.0,0.0,original
3,4,8,2,92.1,152.6,658.2,14.3,21.0,32,3.1,0.0,0.0,original
4,4,8,2,92.1,152.6,658.2,14.3,19.1,53,2.7,0.0,4.4,original
2,2,8,2,92.1,152.6,658.2,14.3,21.8,56,3.1,0.0,0.52,original
8,6,8,2,92.1,152.6,658.2,14.3,20.1,58,4.5,0.0,9.27,original
2,5,8,2,92.1,152.6,658.2,14.3,20.2,47,4.0,0.0,3.09,original
4,6,12,7,84.4,27.2,353.5,6.8,4.8,57,8.5,0.0,8.98,original
8,6,12,3,84.0,27.8,354.6,5.3,5.1,61,8.0,0.0,11.19,original
4,6,12,4,84.6,26.4,352.0,2.0,5.1,61,4.9,0.0,5.38,original
4,4,12,1,85.4,25.4,349.7,2.6,4.6,21,8.5,0.0,17.85,original
3,4,12,1,85.4,25.4,349.7,2.6,4.6,21,8.5,0.0,10.73,original
4,4,12,1,85.4,25.4,349.7,2.6,4.6,21,8.5,0.0,22.03,original
4,4,12,1,85.4,25.4,349.7,2.6,4.6,21,8.5,0.0,9.77,original
4,6,12,5,84.7,26.7,352.6,4.1,2.2,59,4.9,0.0,9.27,original
6,5,12,2,85.4,25.4,349.7,2.6,5.1,24,8.5,0.0,24.77,original
6,3,2,7,84.9,27.5,353.5,3.4,4.2,51,4.0,0.0,0.0,original
3,4,2,3,86.9,6.6,18.7,3.2,8.8,35,3.1,0.0,1.1,original
5,4,2,5,85.2,4.9,15.8,6.3,7.5,46,8.0,0.0,24.24,original
2,5,7,7,93.9,169.7,411.8,12.3,23.4,40,6.3,0.0,0.0,original
7,6,7,3,91.2,183.1,437.7,12.5,12.6,90,7.6,0.2,0.0,original
7,4,7,6,91.6,104.2,474.9,9.0,22.1,49,2.7,0.0,0.0,original
7,4,7,6,91.6,104.2,474.9,9.0,24.2,32,1.8,0.0,0.0,original
7,4,7,6,91.6,104.2,474.9,9.0,24.3,30,1.8,0.0,0.0,original
2,5,7,6,91.6,104.2,474.9,9.0,18.7,53,1.8,0.0,0.0,original
9,4,7,6,91.6,104.2,474.9,9.0,25.3,39,0.9,0.0,8.0,original
4,5,7,5,91.6,100.2,466.3,6.3,22.9,40,1.3,0.0,2.64,original
7,6,7,2,93.1,180.4,430.8,11.0,26.9,28,5.4,0.0,86.45,original
8,6,7,2,92.3,88.8,440.9,8.5,17.1,67,3.6,0.0,6.57,original
7,5,6,7,93.1,180.4,430.8,11.0,22.2,48,1.3,0.0,0.0,original
6,4,6,7,90.4,89.5,290.8,6.4,14.3,46,1.8,0.0,0.9,original
8,6,6,7,90.4,89.5,290.8,6.4,15.4,45,2.2,0.0,0.0,original
8,6,6,3,91.2,147.8,377.2,12.7,19.6,43,4.9,0.0,0.0,original
6,5,6,6,53.4,71.0,233.8,0.4,10.6,90,2.7,0.0,0.0,original
6,5,6,1,90.4,93.3,298.1,7.5,20.7,25,4.9,0.0,0.0,original
6,5,6,1,90.4,93.3,298.1,7.5,19.1,39,5.4,0.0,3.52,original
3,6,6,5,91.1,94.1,232.1,7.1,19.2,38,4.5,0.0,0.0,original
3,6,6,5,91.1,94.1,232.1,7.1,19.2,38,4.5,0.0,0.0,original
6,5,5,6,85.1,28.0,113.8,3.5,11.3,94,4.9,0.0,0.0,original
1,4,9,7,89.6,84.1,714.3,5.7,19.0,52,2.2,0.0,0.0,original
7,4,9,7,89.6,84.1,714.3,5.7,17.1,53,5.4,0.0,0.41,original
3,4,9,7,89.6,84.1,714.3,5.7,23.8,35,3.6,0.0,5.18,original
2,4,9,7,92.4,105.8,758.1,9.9,16.0,45,1.8,0.0,0.0,original
2,4,9,7,92.4,105.8,758.1,9.9,24.9,27,2.2,0.0,0.0,original
7,4,9,7,92.4,105.8,758.1,9.9,25.3,27,2.7,0.0,0.0,original
6,3,9,7,92.4,105.8,758.1,9.9,24.8,28,1.8,0.0,14.29,original
2,4,9,7,50.4,46.2,706.6,0.4,12.2,78,6.3,0.0,0.0,original
6,5,9,3,92.6,115.4,777.1,8.8,24.3,27,4.9,0.0,0.0,original
4,4,9,3,92.6,115.4,777.1,8.8,19.7,41,1.8,0.0,1.58,original
3,4,9,3,91.2,134.7,817.5,7.2,18.5,30,2.7,0.0,0.0,original
4,5,9,4,92.4,96.2,739.4,8.6,18.6,24,5.8,0.0,0.0,original
4,4,9,4,92.4,96.2,739.4,8.6,19.2,24,4.9,0.0,3.78,original
6,5,9,4,92.8,119.0,783.5,7.5,21.6,27,2.2,0.0,0.0,original
5,4,9,4,92.8,119.0,783.5,7.5,21.6,28,6.3,0.0,4.41,original
6,3,9,4,92.8,119.0,783.5,7.5,18.9,34,7.2,0.0,34.36,original
1,4,9,4,92.8,119.0,783.5,7.5,16.8,28,4.0,0.0,7.21,original
6,5,9,4,92.8,119.0,783.5,7.5,16.8,28,4.0,0.0,1.01,original
3,5,9,4,90.7,136.9,822.8,6.8,12.9,39,2.7,0.0,2.18,original
6,5,9,4,88.1,53.3,726.9,5.4,13.7,56,1.8,0.0,4.42,original
1,4,9,6,92.2,102.3,751.5,8.4,24.2,27,3.1,0.0,0.0,original
5,4,9,6,92.2,102.3,751.5,8.4,24.1,27,3.1,0.0,0.0,original
6,5,9,6,92.2,102.3,751.5,8.4,21.2,32,2.2,0.0,0.0,original
6,5,9,6,92.2,102.3,751.5,8.4,19.7,35,1.8,0.0,0.0,original
4,3,9,6,92.2,102.3,751.5,8.4,23.5,27,4.0,0.0,3.33,original
3,3,9,6,92.2,102.3,751.5,8.4,24.2,27,3.1,0.0,6.58,original
7,4,9,6,91.2,124.4,795.3,8.5,21.5,28,4.5,0.0,15.64,original
4,4,9,6,91.2,124.4,795.3,8.5,17.1,41,2.2,0.0,11.22,original
1,4,9,1,92.1,87.7,721.1,9.5,18.1,54,3.1,0.0,2.13,original
2,3,9,1,91.6,108.4,764.0,6.2,18.0,51,5.4,0.0,0.0,original
4,3,9,1,91.6,108.4,764.0,6.2,9.8,86,1.8,0.0,0.0,original
7,4,9,1,91.6,108.4,764.0,6.2,19.3,44,2.2,0.0,0.0,original
6,3,9,1,91.6,108.4,764.0,6.2,23.0,34,2.2,0.0,56.04,original
8,6,9,1,91.6,108.4,764.0,6.2,22.7,35,2.2,0.0,7.48,original
2,4,9,1,91.6,108.4,764.0,6.2,20.4,41,1.8,0.0,1.47,original
2,5,9,1,91.6,108.4,764.0,6.2,19.3,44,2.2,0.0,3.93,original
8,6,9,1,91.9,111.7,770.3,6.5,15.7,51,2.2,0.0,0.0,original
6,3,9,1,91.5,130.1,807.1,7.5,20.6,37,1.8,0.0,0.0,original
8,6,9,1,91.5,130.1,807.1,7.5,15.9,51,4.5,0.0,2.18,original
6,3,9,1,91.5,130.1,807.1,7.5,12.2,66,4.9,0.0,6.1,original
2,2,9,1,91.5,130.1,807.1,7.5,16.8,43,3.1,0.0,5.83,original
1,4,9,1,91.5,130.1,807.1,7.5,21.3,35,2.2,0.0,28.19,original
5,4,9,5,92.1,99.0,745.3,9.6,10.1,75,3.6,0.0,0.0,original
3,4,9,5,92.1,99.0,745.3,9.6,17.4,57,4.5,0.0,0.0,original
5,4,9,5,92.1,99.0,745.3,9.6,12.8,64,3.6,0.0,1.64,original
5,4,9,5,92.1,99.0,745.3,9.6,10.1,75,3.6,0.0,3.71,original
4,4,9,5,92.1,99.0,745.3,9.6,15.4,53,6.3,0.0,7.31,original
7,4,9,5,92.1,99.0,745.3,9.6,20.6,43,3.6,0.0,2.03,original
7,4,9,5,92.1,99.0,745.3,9.6,19.8,47,2.7,0.0,1.72,original
7,4,9,5,92.1,99.0,745.3,9.6,18.7,50,2.2,0.0,5.97,original
4,4,9,5,92.1,99.0,745.3,9.6,20.8,35,4.9,0.0,13.06,original
4,4,9,5,92.1,99.0,745.3,9.6,20.8,35,4.9,0.0,1.26,original
6,3,9,5,92.5,122.0,789.7,10.2,15.9,55,3.6,0.0,0.0,original
6,3,9,5,92.5,122.0,789.7,10.2,19.7,39,2.7,0.0,0.0,original
1,4,9,5,92.5,122.0,789.7,10.2,21.1,39,2.2,0.0,8.12,original
6,5,9,5,92.5,122.0,789.7,10.2,18.4,42,2.2,0.0,1.09,original
4,3,9,5,92.5,122.0,789.7,10.2,17.3,45,4.0,0.0,3.94,original
7,4,9,5,88.2,55.2,732.3,11.6,15.2,64,3.1,0.0,0.52,original
4,3,9,2,91.9,111.7,770.3,6.5,15.9,53,2.2,0.0,2.93,original
6,5,9,2,91.9,111.7,770.3,6.5,21.1,35,2.7,0.0,5.65,original
6,5,9,2,91.9,111.7,770.3,6.5,19.6,45,3.1,0.0,20.03,original
4,5,9,2,91.1,132.3,812.1,12.5,15.9,38,5.4,0.0,1.75,original
4,5,9,2,91.1,132.3,812.1,12.5,16.4,27,3.6,0.0,0.0,original
6,5,9,6,91.2,94.3,744.4,8.4,16.8,47,4.9,0.0,12.64,original
4,5,9,7,91.0,276.3,825.1,7.1,13.8,77,7.6,0.0,0.0,original
7,4,9,7,91.0,276.3,825.1,7.1,13.8,77,7.6,0.0,11.06,original
3,4,7,3,91.9,133.6,520.5,8.0,14.2,58,4.0,0.0,0.0,original
4,5,8,7,92.0,203.2,664.5,8.1,10.4,75,0.9,0.0,0.0,original
5,4,8,4,94.8,222.4,698.6,13.9,20.3,42,2.7,0.0,0.0,original
6,5,9,5,90.3,290.0,855.3,7.4,10.3,78,4.0,0.0,18.3,original
6,5,9,6,91.2,94.3,744.4,8.4,15.4,57,4.9,0.0,39.35,original
8,6,8,1,92.1,207.0,672.6,8.2,21.1,54,2.2,0.0,0.0,original
2,2,8,6,93.7,231.1,715.1,8.4,21.9,42,2.2,0.0,174.63,original
6,5,3,4,90.9,18.9,30.6,8.0,8.7,51,5.8,0.0,0.0,original
4,5,1,7,18.7,1.1,171.4,0.0,5.2,100,0.9,0.0,0.0,original
5,4,7,3,93.7,101.3,458.8,11.9,19.3,39,7.2,0.0,7.73,original
8,6,8,4,90.7,194.1,643.0,6.8,16.2,63,2.7,0.0,16.33,original
8,6,8,3,95.2,217.7,690.0,18.0,28.2,29,1.8,0.0,5.86,original
9,6,8,4,91.6,248.4,753.8,6.3,20.5,58,2.7,0.0,42.87,original
8,4,8,6,91.6,273.8,819.1,7.7,21.3,44,4.5,0.0,12.18,original
2,4,8,7,91.6,181.3,613.0,7.6,20.9,50,2.2,0.0,16.0,original
3,4,9,7,90.5,96.7,750.5,11.4,20.6,55,5.4,0.0,24.59,original
5,5,3,4,90.9,18.9,30.6,8.0,11.6,48,5.4,0.0,0.0,original
6,4,8,5,94.8,227.0,706.7,12.0,23.3,34,3.1,0.0,28.74,original
7,4,8,5,94.8,227.0,706.7,12.0,23.3,34,3.1,0.0,0.0,original
7,4,2,1,84.7,9.5,58.3,4.1,7.5,71,6.3,0.0,9.96,original
8,6,9,5,91.1,91.3,738.1,7.2,20.7,46,2.7,0.0,30.18,original
1,3,9,7,91.0,276.3,825.1,7.1,21.9,43,4.0,0.0,70.76,original
2,4,3,2,93.4,15.0,25.6,11.4,15.2,19,7.6,0.0,0.0,original
6,5,2,1,84.1,4.6,46.7,2.2,5.3,68,1.8,0.0,0.0,original
4,5,2,7,85.0,9.0,56.9,3.5,10.1,62,1.8,0.0,51.78,original
4,3,9,7,90.5,96.7,750.5,11.4,20.4,55,4.9,0.0,3.64,original
5,6,8,7,91.6,181.3,613.0,7.6,24.3,33,3.6,0.0,3.63,original
1,2,8,6,93.7,231.1,715.1,8.4,25.9,32,3.1,0.0,0.0,original
9,5,6,3,93.3,49.5,297.7,14.0,28.0,34,4.5,0.0,0.0,original
9,5,6,3,93.3,49.5,297.7,14.0,28.0,34,4.5,0.0,8.16,original
3,4,9,4,91.1,88.2,731.7,8.3,22.8,46,4.0,0.0,4.95,original
9,9,8,5,94.8,227.0,706.7,12.0,25.0,36,4.0,0.0,0.0,original
8,6,8,4,90.7,194.1,643.0,6.8,21.3,41,3.6,0.0,0.0,original
2,4,9,3,87.9,84.8,725.1,3.7,21.8,34,2.2,0.0,6.04,original
2,2,8,2,94.6,212.1,680.9,9.5,27.9,27,2.2,0.0,0.0,original
6,5,9,6,87.1,291.3,860.6,4.0,17.0,67,4.9,0.0,3.95,original
4,5,2,6,84.7,8.2,55.0,2.9,14.2,46,4.0,0.0,0.0,original
4,3,9,5,90.3,290.0,855.3,7.4,19.9,44,3.1,0.0,7.8,original
1,4,7,2,92.3,96.2,450.2,12.1,23.4,31,5.4,0.0,0.0,original
6,3,2,5,84.1,7.3,52.8,2.7,14.7,42,2.7,0.0,0.0,original
7,4,2,5,84.6,3.2,43.6,3.3,8.2,53,9.4,0.0,4.62,original
9,4,7,1,92.3,92.1,442.1,9.8,22.8,27,4.5,0.0,1.63,original
7,5,8,6,93.7,231.1,715.1,8.4,26.4,33,3.6,0.0,0.0,original
5,4,8,7,93.6,235.1,723.1,10.1,24.1,50,4.0,0.0,0.0,original
8,6,8,4,94.8,222.4,698.6,13.9,27.5,27,4.9,0.0,746.28,original
6,3,7,2,92.7,164.1,575.8,8.9,26.3,39,3.1,0.0,7.02,original
6,5,3,3,93.4,17.3,28.3,9.9,13.8,24,5.8,0.0,0.0,original
2,4,8,7,92.0,203.2,664.5,8.1,24.9,42,5.4,0.0,2.44,original
2,5,8,7,91.6,181.3,613.0,7.6,24.8,36,4.0,0.0,3.05,original
8,8,8,3,91.7,191.4,635.9,7.8,26.2,36,4.5,0.0,185.76,original
2,4,8,3,95.2,217.7,690.0,18.0,30.8,19,4.5,0.0,0.0,original
8,6,7,7,88.9,263.1,795.9,5.2,29.3,27,3.6,0.0,6.3,original
1,3,9,6,91.2,94.3,744.4,8.4,22.3,48,4.0,0.0,0.72,original
8,6,8,6,93.7,231.1,715.1,8.4,26.9,31,3.6,0.0,4.96,original
2,2,8,4,91.6,248.4,753.8,6.3,20.4,56,2.2,0.0,0.0,original
8,6,8,4,91.6,248.4,753.8,6.3,20.4,56,2.2,0.0,0.0,original
2,4,8,1,92.1,207.0,672.6,8.2,27.9,33,2.2,0.0,2.35,original
1,3,8,4,94.8,222.4,698.6,13.9,26.2,34,5.8,0.0,0.0,original
3,4,8,7,91.6,181.3,613.0,7.6,24.6,44,4.0,0.0,3.2,original
7,4,9,4,89.7,287.2,849.3,6.8,19.4,45,3.6,0.0,0.0,original
1,3,8,6,92.1,178.0,605.3,9.6,23.3,40,4.0,0.0,6.36,original
8,6,8,4,94.8,222.4,698.6,13.9,23.9,38,6.7,0.0,0.0,original
2,4,8,7,93.6,235.1,723.1,10.1,20.9,66,4.9,0.0,15.34,original
1,4,8,5,90.6,269.8,811.2,5.5,22.2,45,3.6,0.0,0.0,original
2,5,7,6,90.8,84.7,376.6,5.6,23.8,51,1.8,0.0,0.0,original
8,6,8,1,92.1,207.0,672.6,8.2,26.8,35,1.3,0.0,0.54,original
8,6,8,6,89.4,253.6,768.4,9.7,14.2,73,2.7,0.0,0.0,original
2,5,8,6,93.7,231.1,715.1,8.4,23.6,53,4.0,0.0,6.43,original
1,3,9,5,91.1,91.3,738.1,7.2,19.1,46,2.2,0.0,0.33,original
5,4,9,5,90.3,290.0,855.3,7.4,16.2,58,3.6,0.0,0.0,original
8,6,8,1,92.1,207.0,672.6,8.2,25.5,29,1.8,0.0,1.23,original
6,5,4,1,87.9,24.9,41.6,3.7,10.9,64,3.1,0.0,3.35,original
1,2,7,5,90.7,80.9,368.3,16.8,14.8,78,8.0,0.0,0.0,original
2,5,9,5,90.3,290.0,855.3,7.4,16.2,58,3.6,0.0,9.96,original
5,5,8,7,94.0,47.9,100.7,10.7,17.3,80,4.5,0.0,0.0,original
6,5,8,7,92.0,203.2,664.5,8.1,19.1,70,2.2,0.0,0.0,original
3,4,3,3,93.4,17.3,28.3,9.9,8.9,35,8.0,0.0,0.0,original
7,4,9,3,89.7,284.9,844.0,10.1,10.5,77,4.0,0.0,0.0,original
7,4,8,7,91.6,181.3,613.0,7.6,19.3,61,4.9,0.0,0.0,original
4,5,8,3,95.2,217.7,690.0,18.0,23.4,49,5.4,0.0,6.43,original
1,4,8,5,90.5,196.8,649.9,16.3,11.8,88,4.9,0.0,9.71,original
7,4,8,1,91.5,238.2,730.6,7.5,17.7,65,4.0,0.0,0.0,original
4,5,8,4,89.4,266.2,803.3,5.6,17.4,54,3.1,0.0,0.0,original
3,4,8,4,91.6,248.4,753.8,6.3,16.8,56,3.1,0.0,0.0,original
3,4,7,1,94.6,160.0,567.2,16.7,17.9,48,2.7,0.0,0.0,original
2,4,8,4,91.6,248.4,753.8,6.3,16.6,59,2.7,0.0,0.0,original
1,4,8,3,91.7,191.4,635.9,7.8,19.9,50,4.0,0.0,82.75,original
8,6,8,6,93.7,231.1,715.1,8.4,18.9,64,4.9,0.0,3.32,original
7,4,8,6,91.6,273.8,819.1,7.7,15.5,72,8.0,0.0,1.94,original
2,5,8,6,93.7,231.1,715.1,8.4,18.9,64,4.9,0.0,0.0,original
8,6,8,6,93.7,231.1,715.1,8.4,18.9,64,4.9,0.0,0.0,original
1,4,9,7,91.0,276.3,825.1,7.1,14.5,76,7.6,0.0,3.71,original
6,5,2,2,75.1,4.4,16.2,1.9,4.6,82,6.3,0.0,5.39,original
6,4,2,2,75.1,4.4,16.2,1.9,5.1,77,5.4,0.0,2.14,original
2,2,2,6,79.5,3.6,15.3,1.8,4.6,59,0.9,0.0,6.84,original
6,5,3,1,87.2,15.1,36.9,7.1,10.2,45,5.8,0.0,3.18,original
3,4,3,3,90.2,18.5,41.1,7.3,11.2,41,5.4,0.0,5.55,original
6,5,3,4,91.3,20.6,43.5,8.5,13.3,27,3.6,0.0,6.61,original
6,3,4,7,91.0,14.6,25.6,12.3,13.7,33,9.4,0.0,61.13,original
5,4,4,7,91.0,14.6,25.6,12.3,17.6,27,5.8,0.0,0.0,original
4,3,5,5,89.6,25.4,73.7,5.7,18.0,40,4.0,0.0,38.48,original
8,3,6,1,88.2,96.2,229.0,4.7,14.3,79,4.0,0.0,1.94,original
9,4,6,6,90.5,61.1,252.6,9.4,24.5,50,3.1,0.0,70.32,original
4,3,6,4,93.0,103.8,316.7,10.8,26.4,35,2.7,0.0,10.08,original
2,5,6,4,93.7,121.7,350.2,18.0,22.7,40,9.4,0.0,3.19,original
4,3,7,4,93.5,85.3,395.0,9.9,27.2,28,1.3,0.0,1.76,original
4,3,7,7,93.7,101.3,423.4,14.7,26.1,45,4.0,0.0,7.36,original
7,4,7,7,93.7,101.3,423.4,14.7,18.2,82,4.5,0.0,2.21,original
7,4,7,1,89.2,103.9,431.6,6.4,22.6,57,4.9,0.0,278.53,original
9,9,7,4,93.2,114.4,560.0,9.5,30.2,25,4.5,0.0,2.75,original
4,3,7,4,93.2,114.4,560.0,9.5,30.2,22,4.9,0.0,0.0,original
3,4,8,7,94.9,130.3,587.1,14.1,23.4,40,5.8,0.0,1.29,original
8,6,8,7,94.9,130.3,587.1,14.1,31.0,27,5.4,0.0,0.0,original
2,5,8,7,94.9,130.3,587.1,14.1,33.1,25,4.0,0.0,26.43,original
2,4,8,1,95.0,135.5,596.3,21.3,30.6,28,3.6,0.0,2.07,original
5,4,8,2,95.1,141.3,605.8,17.7,24.1,43,6.3,0.0,2.0,original
5,4,8,2,95.1,141.3,605.8,17.7,26.4,34,3.6,0.0,16.4,original
4,4,8,2,95.1,141.3,605.8,17.7,19.4,71,7.6,0.0,46.7,original
4,4,8,3,95.1,141.3,605.8,17.7,20.6,58,1.3,0.0,0.0,original
4,4,8,3,95.1,141.3,605.8,17.7,28.7,33,4.0,0.0,0.0,original
4,4,8,4,95.8,152.0,624.1,13.8,32.4,21,4.5,0.0,0.0,original
1,3,8,5,95.9,158.0,633.6,11.3,32.4,27,2.2,0.0,0.0,original
1,3,8,5,95.9,158.0,633.6,11.3,27.5,29,4.5,0.0,43.32,original
6,6,8,6,96.0,164.0,643.0,14.0,30.8,30,4.9,0.0,8.59,original
6,6,8,1,96.2,175.5,661.8,16.8,23.9,42,2.2,0.0,0.0,original
4,5,8,1,96.2,175.5,661.8,16.8,32.6,26,3.1,0.0,2.77,original
3,4,8,2,96.1,181.1,671.2,14.3,32.3,27,2.2,0.0,14.68,original
6,5,8,2,96.1,181.1,671.2,14.3,33.3,26,2.7,0.0,40.54,original
7,5,8,2,96.1,181.1,671.2,14.3,27.3,63,4.9,6.4,10.82,original
8,6,8,2,96.1,181.1,671.2,14.3,21.6,65,4.9,0.8,0.0,original
7,5,8,2,96.1,181.1,671.2,14.3,21.6,65,4.9,0.8,0.0,original
4,4,8,2,96.1,181.1,671.2,14.3,20.7,69,4.9,0.4,0.0,original
2,4,8,3,94.5,139.4,689.1,20.0,29.2,30,4.9,0.0,1.95,original
4,3,8,3,94.5,139.4,689.1,20.0,28.9,29,4.9,0.0,49.59,original
1,2,8,4,91.0,163.2,744.4,10.1,26.7,35,1.8,0.0,5.8,original
1,2,8,5,91.0,166.9,752.6,7.1,18.5,73,8.5,0.0,0.0,original
2,4,8,5,91.0,166.9,752.6,7.1,25.9,41,3.6,0.0,0.0,original
1,2,8,5,91.0,166.9,752.6,7.1,25.9,41,3.6,0.0,0.0,original
5,4,8,5,91.0,166.9,752.6,7.1,21.1,71,7.6,1.4,2.17,original
6,5,8,5,91.0,166.9,752.6,7.1,18.2,62,5.4,0.0,0.43,original
8,6,8,7,81.6,56.7,665.6,1.9,27.8,35,2.7,0.0,0.0,original
4,3,8,7,81.6,56.7,665.6,1.9,27.8,32,2.7,0.0,6.44,original
2,4,8,7,81.6,56.7,665.6,1.9,21.9,71,5.8,0.0,54.29,original
7,4,8,7,81.6,56.7,665.6,1.9,21.2,70,6.7,0.0,11.16,original
1,4,8,6,94.4,146.0,614.7,11.3,25.6,42,4.0,0.0,0.0,original
6,3,11,2,79.5,3.0,106.7,1.1,11.8,31,4.5,0.0,0.0,original
7,5,3,5,86.2,26.2,94.3,5.1,13.2,41,8.7,0.0,0.0,drifted
7,4,10,2,90.6,35.4,669.1,6.7,23.0,23,2.9,0.0,0.0,drifted
7,4,10,6,90.6,43.7,686.9,6.7,19.6,23,3.3,0.0,0.0,drifted
8,6,3,5,91.7,33.3,77.5,9.0,13.3,87,6.0,0.02,0.0,drifted
8,6,3,7,89.3,51.3,102.2,9.6,16.4,89,3.8,0.0,0.0,drifted
8,6,8,7,92.3,85.3,488.0,14.7,27.2,19,7.4,0.0,0.0,drifted
8,6,8,1,92.3,88.9,495.6,8.5,29.1,17,5.1,0.0,0.0,drifted
8,6,8,1,91.5,145.4,608.2,10.7,13.0,76,4.2,0.0,0.0,drifted
8,6,9,2,91.0,129.5,692.6,7.0,18.1,53,7.4,0.0,0.0,drifted
7,5,9,6,92.5,88.0,698.6,7.1,27.8,30,6.0,0.0,0.0,drifted
7,5,9,6,92.5,88.0,698.6,7.1,22.8,41,9.2,0.0,0.0,drifted
7,5,9,6,92.8,73.2,713.0,22.6,24.3,28,6.0,0.0,0.0,drifted
6,5,8,5,63.5,70.8,665.3,0.8,22.0,62,8.7,0.0,0.0,drifted
6,5,9,1,90.9,126.5,686.5,7.0,26.3,32,4.2,0.0,0.0,drifted
6,5,9,3,92.9,133.3,699.6,9.2,31.4,11,6.5,0.0,0.0,drifted
6,5,9,5,93.3,141.2,713.9,13.9,27.9,34,7.4,0.0,0.0,drifted
5,5,3,6,91.7,35.8,80.8,7.8,20.1,17,7.4,0.0,0.0,drifted
8,5,10,1,84.9,32.8,664.2,3.0,21.7,37,6.9,0.0,0.0,drifted
6,4,3,3,89.2,27.9,70.8,6.3,20.9,25,6.0,0.0,0.0,drifted
6,4,4,6,86.3,27.4,97.1,5.1,14.3,34,6.5,0.0,0.0,drifted
6,4,9,2,91.0,129.5,692.6,7.0,23.3,30,4.7,0.0,0.0,drifted
5,4,9,1,91.8,78.5,724.3,9.2,24.1,28,4.7,0.0,0.0,drifted
7,4,6,7,94.3,96.3,200.0,56.1,26.0,34,6.5,0.0,0.0,drifted
7,4,8,6,90.2,110.9,537.4,6.2,24.5,33,7.8,0.0,0.0,drifted
7,4,8,6,93.5,139.4,594.2,20.3,28.7,22,7.8,0.0,0.0,drifted
7,4,8,7,91.4,142.4,601.4,10.6,21.3,50,7.4,0.0,0.0,drifted
7,4,9,5,92.4,117.9,668.0,12.2,24.0,24,7.8,0.0,0.0,drifted
7,4,9,1,90.9,126.5,686.5,7.0,24.4,38,3.3,0.0,0.0,drifted
6,3,9,6,93.4,145.4,721.4,8.1,35.2,14,4.7,0.0,0.0,drifted
6,3,9,7,93.5,149.3,728.6,8.1,27.8,29,5.6,0.0,0.0,drifted
6,3,9,5,94.3,85.1,692.3,15.9,30.4,14,5.6,0.0,0.0,drifted
6,3,9,1,88.6,91.8,709.9,7.1,16.2,68,9.6,0.0,0.0,drifted
6,3,9,5,88.6,69.7,706.8,5.8,25.6,27,3.8,0.0,0.0,drifted
6,3,9,7,91.7,75.6,718.3,7.8,22.7,29,5.6,0.0,0.0,drifted
6,3,9,1,91.8,78.5,724.3,9.2,26.2,22,4.7,0.0,0.0,drifted
6,3,9,2,90.3,80.7,730.2,6.3,23.2,52,6.5,0.0,0.0,drifted
6,3,10,2,90.6,35.4,669.1,6.7,26.7,14,6.5,0.0,0.0,drifted
7,4,10,5,90.0,41.5,682.6,8.7,16.3,50,7.4,0.0,0.0,drifted
7,3,10,6,90.6,43.7,686.9,6.7,22.8,17,6.0,0.0,0.0,drifted
4,4,3,2,88.1,25.7,67.6,3.8,19.1,33,4.7,0.0,0.0,drifted
4,4,7,2,79.5,60.6,366.7,1.5,28.3,27,5.1,0.0,0.0,drifted
4,4,8,6,90.2,96.9,624.2,8.9,23.4,32,8.7,0.0,0.0,drifted
4,4,8,2,94.8,108.3,647.1,17.0,21.6,44,7.4,0.0,0.0,drifted
4,4,9,6,92.5,88.0,698.6,7.1,24.6,38,4.7,0.0,0.0,drifted
4,4,9,3,90.1,82.9,735.7,6.2,17.9,64,6.9,0.0,0.0,drifted
5,6,9,3,94.3,85.1,692.3,15.9,30.9,14,6.0,0.0,0.0,drifted
5,6,9,1,90.9,126.5,686.5,7.0,19.7,60,5.6,0.0,0.0,drifted
6,6,7,1,94.2,62.3,442.9,11.0,28.0,26,5.1,0.0,0.0,drifted
4,4,3,1,87.2,23.9,64.7,4.1,16.8,25,3.8,0.0,0.0,drifted
4,4,3,1,87.6,52.2,103.8,5.0,16.0,36,7.8,0.0,0.0,drifted
4,4,9,4,92.9,137.0,706.4,9.2,25.8,7,3.3,0.0,0.0,drifted
4,3,8,7,90.2,99.6,631.2,6.3,26.5,24,4.2,0.0,0.0,drifted
4,3,8,3,92.1,111.2,654.1,9.6,25.4,32,6.9,0.0,0.0,drifted
4,3,8,3,92.1,111.2,654.1,9.6,25.4,32,6.9,0.0,0.0,drifted
4,3,8,4,91.7,114.3,661.3,6.3,22.6,35,5.6,0.0,0.0,drifted
4,3,9,4,92.9,137.0,706.4,9.2,32.7,14,4.2,0.0,0.0,drifted
4,3,9,2,90.3,80.7,730.2,6.3,22.8,53,6.9,0.0,0.0,drifted
4,3,10,7,92.6,46.5,691.8,8.8,18.8,40,4.7,0.0,0.0,drifted
2,2,2,1,84.0,9.3,34.0,2.1,18.9,30,7.4,0.0,0.0,drifted
2,2,2,5,86.6,13.2,43.0,5.3,17.3,41,2.9,0.0,0.0,drifted
2,2,3,7,89.3,51.3,102.2,9.6,16.5,29,7.8,0.0,0.0,drifted
2,2,3,7,89.3,51.3,102.2,9.6,10.5,49,8.3,0.0,0.0,drifted
2,2,8,4,93.0,75.3,466.6,7.7,23.8,25,6.9,0.0,0.0,drifted
2,2,8,7,90.2,99.6,631.2,6.3,25.8,23,4.7,0.0,0.0,drifted
2,2,8,1,91.1,103.2,638.8,5.8,28.1,21,5.1,0.0,0.0,drifted
2,2,8,4,91.7,114.3,661.3,6.3,23.6,34,6.5,0.0,0.0,drifted
2,2,9,5,92.4,117.9,668.0,12.2,28.0,27,6.5,0.0,0.0,drifted
2,2,9,5,92.4,117.9,668.0,12.2,24.6,23,7.4,0.0,0.0,drifted
2,2,9,5,92.4,117.9,668.0,12.2,24.6,23,8.3,0.0,0.0,drifted
4,5,3,5,91.7,33.3,77.5,9.0,22.2,16,6.5,0.0,0.0,drifted
4,5,3,5,91.2,48.3,97.8,12.5,20.8,17,9.6,0.0,0.0,drifted
4,5,9,5,94.3,85.1,692.3,15.9,22.7,27,5.6,0.0,0.0,drifted
5,4,3,5,91.7,33.3,77.5,9.0,20.6,15,8.3,0.0,0.0,drifted
5,4,8,2,88.8,147.3,614.5,9.0,22.3,33,6.5,0.0,0.0,drifted
5,4,9,5,93.3,141.2,713.9,13.9,32.6,20,3.3,0.0,0.0,drifted
9,9,2,4,84.2,6.8,26.6,7.7,11.7,69,5.1,0.0,0.0,drifted
9,9,2,5,86.6,13.2,43.0,5.3,20.7,33,5.1,0.0,0.0,drifted
1,3,3,1,87.6,52.2,103.8,5.0,13.3,62,5.1,0.0,0.0,drifted
1,2,8,5,90.1,108.0,529.8,12.5,19.7,56,4.7,0.0,0.0,drifted
1,2,8,2,91.0,121.2,561.6,7.0,26.6,9,8.7,0.0,0.0,drifted
1,2,8,7,91.4,142.4,601.4,10.6,24.5,29,8.3,0.0,0.0,drifted
1,2,8,7,90.2,99.6,631.2,6.3,22.9,34,4.2,0.0,0.0,drifted
1,2,8,2,94.8,108.3,647.1,17.0,23.6,41,6.5,0.0,0.0,drifted
1,2,8,3,92.1,111.2,654.1,9.6,21.6,37,2.9,0.0,0.0,drifted
1,2,8,4,91.7,114.3,661.3,6.3,25.2,35,5.6,0.0,0.0,drifted
1,2,9,4,92.9,137.0,706.4,9.2,26.5,5,2.9,0.0,0.0,drifted
1,2,9,4,92.9,137.0,706.4,9.2,30.4,17,4.2,0.0,0.0,drifted
1,2,9,4,92.9,137.0,706.4,9.2,27.4,24,4.2,0.0,0.0,drifted
1,2,9,7,93.5,149.3,728.6,8.1,30.3,26,5.6,0.0,0.0,drifted
6,5,3,6,91.7,35.8,80.8,7.8,22.4,15,6.9,0.0,0.0,drifted
6,5,8,6,90.2,96.9,624.2,8.9,19.7,49,7.8,0.0,0.0,drifted
8,6,3,5,91.7,35.8,80.8,7.8,22.4,14,7.4,0.0,0.0,drifted
8,6,8,7,92.3,85.3,488.0,14.7,25.8,22,8.3,0.0,0.0,drifted
8,6,8,7,91.4,142.4,601.4,10.6,23.2,33,6.9,0.0,0.0,drifted
8,6,8,1,91.1,103.2,638.8,5.8,28.4,12,4.7,0.0,0.0,drifted
4,4,9,7,89.7,90.0,704.4,4.8,22.8,54,3.3,0.0,0.0,drifted
3,4,2,6,83.9,8.0,30.2,2.6,17.7,38,3.8,0.0,0.0,drifted
3,4,3,6,69.0,2.4,15.5,0.7,22.4,14,7.4,0.0,0.0,drifted
3,4,8,7,91.4,142.4,601.4,10.6,16.6,77,6.5,0.0,0.0,drifted
3,4,8,7,91.4,142.4,601.4,10.6,24.8,29,7.4,0.0,0.0,drifted
3,4,8,7,91.4,142.4,601.4,10.6,24.8,29,7.4,0.0,0.0,drifted
3,4,8,2,88.8,147.3,614.5,9.0,19.4,56,7.4,0.0,0.0,drifted
2,4,8,2,94.8,108.3,647.1,17.0,25.1,30,6.0,0.0,0.0,drifted
2,4,9,6,92.5,121.1,674.4,8.6,29.1,19,6.5,0.0,0.0,drifted
2,4,1,6,82.1,3.7,9.3,2.9,10.3,68,5.1,0.0,0.0,drifted
4,5,3,5,85.9,19.5,57.3,2.8,17.7,42,8.3,0.0,0.0,drifted
4,5,3,4,91.4,30.7,74.3,7.5,23.2,19,5.1,0.0,0.0,drifted
4,5,8,7,90.2,99.6,631.2,6.3,26.4,23,5.1,0.0,0.0,drifted
4,5,9,6,92.5,88.0,698.6,7.1,25.3,35,5.1,0.0,0.0,drifted
4,5,9,1,88.6,91.8,709.9,7.1,22.4,46,7.4,0.0,0.0,drifted
4,4,3,5,85.9,19.5,57.3,2.8,18.7,33,7.8,0.0,0.0,drifted
3,4,3,5,91.7,33.3,77.5,9.0,23.8,8,6.5,0.0,0.0,drifted
3,4,9,7,89.7,90.0,704.4,4.8,27.8,29,5.6,0.0,0.0,drifted
3,4,9,1,91.8,78.5,724.3,9.2,23.9,25,4.7,0.0,0.0,drifted
3,4,3,2,88.1,25.7,67.6,3.8,20.8,17,9.6,0.0,0.0,drifted
3,5,3,2,88.1,25.7,67.6,3.8,20.5,17,8.3,0.0,0.0,drifted
3,4,3,6,91.7,35.8,80.8,7.8,16.6,20,8.3,0.0,0.0,drifted
3,4,3,6,91.7,35.8,80.8,7.8,20.2,17,6.9,0.0,0.0,drifted
3,4,3,1,90.1,39.7,86.6,6.2,15.6,20,6.0,0.0,0.0,drifted
3,4,8,4,93.0,75.3,466.6,7.7,24.6,26,5.1,0.0,0.0,drifted
3,4,8,1,91.5,145.4,608.2,10.7,15.3,64,4.2,0.0,0.0,drifted
3,4,8,1,91.5,145.4,608.2,10.7,22.1,33,7.4,0.0,0.0,drifted
3,4,9,7,92.4,124.1,680.7,8.5,27.5,32,7.4,0.0,0.0,drifted
3,4,9,2,84.4,73.4,671.9,3.2,22.9,35,5.1,0.0,0.0,drifted
3,4,9,5,94.3,85.1,692.3,15.9,24.8,40,7.4,0.0,0.0,drifted
3,4,10,7,92.6,46.5,691.8,8.8,25.6,14,7.4,0.0,0.0,drifted
3,5,3,1,87.6,52.2,103.8,5.0,14.0,39,4.2,0.0,0.0,drifted
3,5,9,5,93.5,149.3,728.6,8.1,22.2,33,5.1,0.0,0.0,drifted
3,5,10,3,91.4,37.9,673.8,5.2,20.9,36,5.6,0.0,0.0,drifted
2,5,10,7,92.6,46.5,691.8,8.8,20.4,25,2.9,0.0,0.0,drifted
4,6,2,6,68.2,21.5,87.2,0.8,20.4,30,4.7,0.0,0.0,drifted
4,6,3,1,87.2,23.9,64.7,4.1,19.0,29,5.1,0.0,0.0,drifted
4,6,3,7,89.3,51.3,102.2,9.6,15.6,36,6.9,0.0,0.0,drifted
4,6,9,4,93.7,80.9,685.2,17.9,22.6,32,5.1,0.0,0.0,drifted
3,5,3,2,88.1,25.7,67.6,3.8,19.9,28,4.7,0.0,0.0,drifted
3,5,8,6,93.5,139.4,594.2,20.3,22.6,42,7.8,0.0,0.0,drifted
3,6,9,7,92.4,124.1,680.7,8.5,22.2,48,3.3,0.0,0.0,drifted
3,6,9,1,90.9,126.5,686.5,7.0,20.6,56,5.1,0.0,0.0,drifted
9,9,7,2,85.8,48.3,313.4,3.9,23.0,32,4.7,0.0,0.36,drifted
1,4,9,2,91.0,129.5,692.6,7.0,26.7,28,4.2,0.0,0.43,drifted
2,5,9,1,90.9,126.5,686.5,7.0,26.9,29,3.8,0.0,0.47,drifted
1,2,8,3,95.5,99.9,513.3,13.2,28.3,21,6.5,0.0,0.55,drifted
8,6,8,5,90.1,108.0,529.8,12.5,26.2,41,10.9,0.0,0.61,drifted
1,2,7,6,90.0,51.3,296.3,8.7,21.6,43,7.4,0.0,0.71,drifted
2,5,8,3,95.5,99.9,513.3,13.2,28.8,22,7.4,0.0,0.77,drifted
6,5,8,4,95.2,131.7,578.8,10.4,32.4,12,6.0,0.0,0.9,drifted
5,4,3,1,90.1,39.7,86.6,6.2,18.2,30,7.4,0.0,0.95,drifted
8,3,9,2,84.4,73.4,671.9,3.2,29.2,18,5.6,0.0,0.96,drifted
2,2,8,2,94.8,108.3,647.1,17.0,22.4,33,8.7,0.0,1.07,drifted
8,6,9,4,93.7,80.9,685.2,17.9,28.7,15,6.5,0.0,1.12,drifted
6,5,6,5,92.5,56.4,433.3,7.1,28.2,29,7.4,0.0,1.19,drifted
9,9,7,7,90.1,68.6,355.2,7.2,29.8,19,4.2,0.0,1.36,drifted
3,4,7,6,90.1,51.2,424.1,6.2,29.6,33,3.8,0.0,1.43,drifted
5,4,9,5,94.3,85.1,692.3,15.9,25.1,37,6.9,0.0,1.46,drifted
1,5,9,6,93.4,145.4,721.4,8.1,34.6,17,4.7,0.0,1.46,drifted
7,4,8,7,94.8,108.3,647.1,17.0,21.4,37,3.3,0.0,1.56,drifted
2,4,9,6,93.4,145.4,721.4,8.1,33.6,17,4.2,0.0,1.61,drifted
2,2,8,3,92.1,111.2,654.1,9.6,23.4,35,5.6,0.0,1.63,drifted
2,4,8,3,92.1,111.2,654.1,9.6,25.5,25,6.0,0.0,1.64,drifted
7,4,9,5,92.4,117.9,668.0,12.2,24.0,24,7.8,0.0,1.69,drifted
7,4,3,1,90.1,39.7,86.6,6.2,21.1,19,5.1,0.0,1.75,drifted
6,4,8,4,95.2,131.7,578.8,10.4,25.3,31,6.0,0.0,1.9,drifted
6,3,3,6,90.6,50.1,100.4,7.8,20.2,21,10.5,0.0,1.94,drifted
8,6,9,6,92.5,121.1,674.4,8.6,22.8,46,3.8,0.0,1.95,drifted
8,5,9,7,89.7,90.0,704.4,4.8,22.8,57,4.2,0.0,2.01,drifted
6,5,3,4,84.9,18.2,55.0,3.0,10.3,60,6.5,0.0,2.14,drifted
6,5,8,3,92.1,111.2,654.1,9.6,21.6,37,2.9,0.0,2.29,drifted
6,5,8,3,96.0,127.1,570.5,16.5,28.4,23,6.5,0.0,2.51,drifted
6,5,3,5,91.2,48.3,97.8,12.5,19.6,16,11.4,0.0,2.53,drifted
8,6,8,4,95.2,131.7,578.8,10.4,25.7,35,4.2,0.0,2.55,drifted
5,4,9,3,92.9,133.3,699.6,9.2,26.9,25,3.8,0.0,2.57,drifted
8,6,8,3,85.6,90.4,609.6,6.6,22.4,40,6.0,0.0,2.69,drifted
7,4,8,7,91.4,142.4,601.4,10.6,25.1,29,7.4,0.0,2.74,drifted
4,4,9,1,90.9,126.5,686.5,7.0,22.7,29,4.2,0.0,3.07,drifted
1,4,8,6,90.2,96.9,624.2,8.9,19.2,43,3.8,0.0,3.5,drifted
1,4,8,6,90.2,96.9,624.2,8.9,25.3,29,6.9,0.0,4.53,drifted
6,5,4,4,81.5,9.1,55.2,2.7,10.8,44,7.8,0.0,4.61,drifted
2,5,8,7,90.2,99.6,631.2,6.3,24.2,34,4.7,0.0,4.69,drifted
2,5,9,3,90.1,82.9,735.7,6.2,23.3,35,4.2,0.0,4.88,drifted
8,6,8,2,88.8,147.3,614.5,9.0,19.4,56,7.4,0.0,5.23,drifted
1,3,9,7,92.4,124.1,680.7,8.5,28.9,22,8.7,0.0,5.33,drifted
8,6,10,1,84.9,32.8,664.2,3.0,24.1,22,6.0,0.0,5.44,drifted
5,4,2,7,86.8,15.6,48.3,3.9,17.4,43,4.2,0.0,6.38,drifted
7,4,10,1,91.7,48.5,696.1,11.1,21.8,35,6.5,0.0,6.83,drifted
8,6,8,5,93.9,135.7,586.7,15.1,25.8,24,6.9,0.0,6.96,drifted
2,5,9,2,91.0,129.5,692.6,7.0,22.6,36,5.1,0.0,7.04,drifted
8,6,3,7,89.3,51.3,102.2,9.6,16.5,29,7.8,0.0,7.19,drifted
1,5,9,1,90.9,126.5,686.5,7.0,26.0,32,4.2,0.0,7.3,drifted
6,4,3,6,90.8,41.9,89.4,7.9,18.3,32,2.9,0.0,7.4,drifted
7,4,3,7,90.7,44.0,92.4,5.5,16.5,50,6.0,0.0,8.24,drifted
6,5,3,5,91.2,48.3,97.8,12.5,16.7,23,6.0,0.0,8.31,drifted
2,5,8,4,95.2,131.7,578.8,10.4,29.2,18,4.7,0.0,8.68,drifted
2,2,8,2,94.8,108.3,647.1,17.0,29.6,12,6.5,0.0,8.71,drifted
4,5,9,3,92.9,133.3,699.6,9.2,29.3,15,6.0,0.0,9.41,drifted
2,2,8,2,94.8,108.3,647.1,17.0,29.6,12,6.5,0.0,10.01,drifted
2,5,8,5,93.9,135.7,586.7,15.1,28.5,26,7.4,0.0,10.02,drifted
6,5,4,4,81.5,9.1,55.2,2.7,10.8,44,7.8,0.0,10.93,drifted
4,5,9,4,92.9,137.0,706.4,9.2,26.5,5,2.9,0.0,11.06,drifted
3,4,9,2,91.0,129.5,692.6,7.0,18.9,49,8.3,0.0,11.24,drifted
2,4,9,1,63.5,70.8,665.3,0.8,27.6,28,5.6,0.0,11.32,drifted
1,5,9,2,91.0,129.5,692.6,7.0,26.6,23,4.2,0.0,11.53,drifted
6,5,3,7,90.1,37.6,83.7,7.2,17.4,44,5.6,0.0,12.1,drifted
7,4,2,7,83.9,8.7,32.1,2.1,13.8,58,4.2,0.0,13.05,drifted
8,6,10,3,91.4,37.9,673.8,5.2,25.2,27,4.7,0.0,13.7,drifted
5,6,3,6,90.6,50.1,100.4,7.8,20.1,54,6.0,0.0,13.99,drifted
4,5,9,4,92.9,137.0,706.4,9.2,27.1,24,3.8,0.0,14.57,drifted
2,2,8,6,93.5,139.4,594.2,20.3,27.9,21,9.2,0.0,15.45,drifted
7,5,9,2,91.0,129.5,692.6,7.0,25.7,27,4.2,0.0,17.2,drifted
6,5,9,5,92.4,117.9,668.0,12.2,24.6,23,8.3,0.0,19.23,drifted
8,3,9,4,93.7,80.9,685.2,17.9,28.2,16,6.9,0.0,23.41,drifted
4,4,10,6,90.6,43.7,686.9,6.7,23.4,15,5.1,0.0,24.23,drifted
7,4,8,6,93.5,139.4,594.2,20.3,10.1,86,7.8,0.0,26.0,drifted
7,4,9,5,94.3,85.1,692.3,15.9,25.1,37,6.9,0.0,26.13,drifted
7,3,3,1,87.6,52.2,103.8,5.0,16.0,36,7.8,0.0,27.35,drifted
4,4,3,6,91.7,35.8,80.8,7.8,22.0,17,6.9,0.0,28.66,drifted
4,4,3,6,91.7,35.8,80.8,7.8,22.0,17,6.9,0.0,28.66,drifted
4,4,9,7,92.4,124.1,680.7,8.5,21.9,50,3.3,0.0,29.48,drifted
1,3,9,1,88.6,91.8,709.9,7.1,17.4,63,8.3,0.0,30.32,drifted
4,5,9,3,92.9,133.3,699.6,9.2,24.4,9,3.3,0.0,31.72,drifted
6,5,3,1,90.1,39.7,86.6,6.2,20.2,17,5.1,0.0,31.86,drifted
8,6,8,7,90.2,99.6,631.2,6.3,21.2,49,5.1,0.0,32.07,drifted
3,4,9,5,93.3,141.2,713.9,13.9,23.6,39,5.6,0.0,35.88,drifted
4,3,3,1,87.6,52.2,103.8,5.0,16.0,36,7.8,0.0,36.85,drifted
2,2,7,5,88.3,150.3,309.9,6.8,18.4,69,5.6,0.0,37.02,drifted
7,4,9,3,90.1,82.9,735.7,6.2,20.4,47,6.5,0.0,37.71,drifted
4,4,9,7,93.5,149.3,728.6,8.1,27.9,29,6.9,0.0,48.55,drifted
7,5,10,1,91.7,48.5,696.1,11.1,21.1,34,6.0,0.0,49.37,drifted
8,6,8,6,92.2,81.8,480.8,11.9,25.1,24,6.5,0.0,58.3,drifted
4,6,9,7,93.5,149.3,728.6,8.1,33.3,16,5.1,0.0,64.1,drifted
8,6,8,6,92.2,81.8,480.8,11.9,21.4,33,6.0,0.0,71.3,drifted
4,4,9,3,92.9,133.3,699.6,9.2,31.4,11,6.5,0.0,88.49,drifted
1,5,9,7,93.5,149.3,728.6,8.1,32.8,17,5.1,0.0,95.18,drifted
6,4,9,2,91.0,129.5,692.6,7.0,23.7,33,4.7,0.0,103.39,drifted
9,4,9,2,84.4,73.4,671.9,3.2,29.3,26,5.1,0.0,105.66,drifted
4,5,9,6,92.5,121.1,674.4,8.6,22.7,15,5.1,0.0,154.88,drifted
8,6,8,7,91.4,142.4,601.4,10.6,24.6,31,7.8,0.0,196.48,drifted
2,2,9,6,92.5,121.1,674.4,8.6,23.2,36,3.8,0.0,200.94,drifted
1,2,9,2,91.0,129.5,692.6,7.0,23.8,30,4.2,0.0,212.88,drifted
6,5,9,6,92.5,121.1,674.4,8.6,30.1,17,6.0,0.0,1090.84,drifted
7,5,4,7,81.9,3.0,7.9,3.5,18.4,65,3.8,0.0,0.0,drifted
6,3,4,3,88.0,17.2,43.5,3.8,20.2,41,4.7,0.0,0.0,drifted
4,4,4,5,83.0,23.3,85.3,2.3,21.7,10,5.1,0.0,0.0,drifted
2,4,8,7,94.2,122.3,589.9,12.9,20.4,56,6.0,0.0,10.13,drifted
7,4,8,7,91.8,175.1,700.7,13.8,26.9,63,9.6,0.1,0.0,drifted
2,4,8,7,91.8,175.1,700.7,13.8,27.4,44,9.6,0.0,2.87,drifted
3,4,8,7,91.8,175.1,700.7,13.8,31.8,28,8.3,0.0,0.76,drifted
5,4,8,7,91.8,175.1,700.7,13.8,30.7,29,7.4,0.0,0.09,drifted
2,4,8,3,92.2,91.6,503.6,9.6,25.7,60,4.2,0.0,0.75,drifted
8,6,8,3,93.1,157.3,666.7,13.5,33.7,18,4.7,0.0,0.0,drifted
3,4,8,3,93.1,157.3,666.7,13.5,26.7,30,2.4,0.0,2.47,drifted
8,5,8,3,93.1,157.3,666.7,13.5,31.8,15,5.1,0.0,0.68,drifted
8,5,8,3,93.1,157.3,666.7,13.5,29.0,26,5.1,0.0,0.24,drifted
6,5,8,3,93.1,157.3,666.7,13.5,27.1,27,5.6,0.0,0.21,drifted
7,4,8,4,91.9,109.2,565.5,8.0,26.4,28,4.7,0.0,1.52,drifted
6,3,8,4,91.6,138.1,621.7,6.3,23.9,31,5.1,0.0,10.34,drifted
2,5,8,4,87.5,77.0,694.8,5.0,27.3,36,6.0,0.0,0.0,drifted
8,6,8,6,94.2,117.2,581.1,11.0,28.9,31,4.2,0.0,8.02,drifted
4,3,8,6,94.2,117.2,581.1,11.0,26.4,34,4.7,0.0,0.68,drifted
3,4,8,6,91.8,170.9,692.3,13.7,25.6,49,2.9,0.0,0.0,drifted
7,4,8,6,91.8,170.9,692.3,13.7,28.7,30,3.8,0.0,1.38,drifted
2,4,8,1,93.6,97.9,542.0,14.4,33.3,22,6.0,0.0,8.85,drifted
3,4,8,5,91.6,112.4,573.0,8.9,16.2,74,9.6,0.0,3.3,drifted
2,4,8,5,91.6,112.4,573.0,8.9,26.4,32,5.1,0.0,4.25,drifted
6,3,8,5,91.1,141.1,629.1,7.1,24.3,29,5.6,0.0,1.56,drifted
4,4,8,5,94.3,167.6,684.4,13.0,26.8,43,5.1,0.0,6.54,drifted
4,4,8,2,93.7,102.2,550.3,14.6,27.1,44,9.6,0.0,0.79,drifted
6,5,8,2,94.3,131.7,607.1,22.7,24.4,45,6.0,0.0,0.17,drifted
2,2,8,2,92.1,152.6,658.2,14.3,28.7,14,5.1,0.0,0.0,drifted
3,4,8,2,92.1,152.6,658.2,14.3,26.0,22,5.1,0.0,0.0,drifted
4,4,8,2,92.1,152.6,658.2,14.3,24.1,43,4.7,0.0,4.4,drifted
2,2,8,2,92.1,152.6,658.2,14.3,26.8,46,5.1,0.0,0.52,drifted
8,6,8,2,92.1,152.6,658.2,14.3,25.1,48,6.5,0.0,9.27,drifted
2,5,8,2,92.1,152.6,658.2,14.3,25.2,37,6.0,0.0,3.09,drifted
4,6,12,7,84.4,27.2,353.5,6.8,9.8,47,10.5,0.0,8.98,drifted
8,6,12,3,84.0,27.8,354.6,5.3,10.1,51,10.0,0.0,11.19,drifted
4,6,12,4,84.6,26.4,352.0,2.0,10.1,51,6.9,0.0,5.38,drifted
4,4,12,1,85.4,25.4,349.7,2.6,9.6,11,10.5,0.0,17.85,drifted
3,4,12,1,85.4,25.4,349.7,2.6,9.6,11,10.5,0.0,10.73,drifted
4,4,12,1,85.4,25.4,349.7,2.6,9.6,11,10.5,0.0,22.03,drifted
4,4,12,1,85.4,25.4,349.7,2.6,9.6,11,10.5,0.0,9.77,drifted
4,6,12,5,84.7,26.7,352.6,4.1,7.2,49,6.9,0.0,9.27,drifted
6,5,12,2,85.4,25.4,349.7,2.6,10.1,14,10.5,0.0,24.77,drifted
6,3,2,7,84.9,27.5,353.5,3.4,9.2,41,6.0,0.0,0.0,drifted
3,4,2,3,86.9,6.6,18.7,3.2,13.8,25,5.1,0.0,1.1,drifted
5,4,2,5,85.2,4.9,15.8,6.3,12.5,36,10.0,0.0,24.24,drifted
2,5,7,7,93.9,169.7,411.8,12.3,28.4,30,8.3,0.0,0.0,drifted
7,6,7,3,91.2,183.1,437.7,12.5,17.6,80,9.6,0.02,0.0,drifted
7,4,7,6,91.6,104.2,474.9,9.0,27.1,39,4.7,0.0,0.0,drifted
7,4,7,6,91.6,104.2,474.9,9.0,29.2,22,3.8,0.0,0.0,drifted
7,4,7,6,91.6,104.2,474.9,9.0,29.3,20,3.8,0.0,0.0,drifted
2,5,7,6,91.6,104.2,474.9,9.0,23.7,43,3.8,0.0,0.0,drifted
9,4,7,6,91.6,104.2,474.9,9.0,30.3,29,2.9,0.0,8.0,drifted
4,5,7,5,91.6,100.2,466.3,6.3,27.9,30,3.3,0.0,2.64,drifted
7,6,7,2,93.1,180.4,430.8,11.0,31.9,18,7.4,0.0,86.45,drifted
8,6,7,2,92.3,88.8,440.9,8.5,22.1,57,5.6,0.0,6.57,drifted
7,5,6,7,93.1,180.4,430.8,11.0,27.2,38,3.3,0.0,0.0,drifted
6,4,6,7,90.4,89.5,290.8,6.4,19.3,36,3.8,0.0,0.9,drifted
8,6,6,7,90.4,89.5,290.8,6.4,20.4,35,4.2,0.0,0.0,drifted
8,6,6,3,91.2,147.8,377.2,12.7,24.6,33,6.9,0.0,0.0,drifted
6,5,6,6,53.4,71.0,233.8,0.4,15.6,80,4.7,0.0,0.0,drifted
6,5,6,1,90.4,93.3,298.1,7.5,25.7,15,6.9,0.0,0.0,drifted
6,5,6,1,90.4,93.3,298.1,7.5,24.1,29,7.4,0.0,3.52,drifted
3,6,6,5,91.1,94.1,232.1,7.1,24.2,28,6.5,0.0,0.0,drifted
3,6,6,5,91.1,94.1,232.1,7.1,24.2,28,6.5,0.0,0.0,drifted
6,5,5,6,85.1,28.0,113.8,3.5,16.3,84,6.9,0.0,0.0,drifted
1,4,9,7,89.6,84.1,714.3,5.7,24.0,42,4.2,0.0,0.0,drifted
7,4,9,7,89.6,84.1,714.3,5.7,22.1,43,7.4,0.0,0.41,drifted
3,4,9,7,89.6,84.1,714.3,5.7,28.8,25,5.6,0.0,5.18,drifted
2,4,9,7,92.4,105.8,758.1,9.9,21.0,35,3.8,0.0,0.0,drifted
2,4,9,7,92.4,105.8,758.1,9.9,29.9,17,4.2,0.0,0.0,drifted
7,4,9,7,92.4,105.8,758.1,9.9,30.3,17,4.7,0.0,0.0,drifted
6,3,9,7,92.4,105.8,758.1,9.9,29.8,18,3.8,0.0,14.29,drifted
2,4,9,7,50.4,46.2,706.6,0.4,17.2,68,8.3,0.0,0.0,drifted
6,5,9,3,92.6,115.4,777.1,8.8,29.3,17,6.9,0.0,0.0,drifted
4,4,9,3,92.6,115.4,777.1,8.8,24.7,31,3.8,0.0,1.58,drifted
3,4,9,3,91.2,134.7,817.5,7.2,23.5,20,4.7,0.0,0.0,drifted
4,5,9,4,92.4,96.2,739.4,8.6,23.6,14,7.8,0.0,0.0,drifted
4,4,9,4,92.4,96.2,739.4,8.6,24.2,14,6.9,0.0,3.78,drifted
6,5,9,4,92.8,119.0,783.5,7.5,26.6,17,4.2,0.0,0.0,drifted
5,4,9,4,92.8,119.0,783.5,7.5,26.6,18,8.3,0.0,4.41,drifted
6,3,9,4,92.8,119.0,783.5,7.5,23.9,24,9.2,0.0,34.36,drifted
1,4,9,4,92.8,119.0,783.5,7.5,21.8,18,6.0,0.0,7.21,drifted
6,5,9,4,92.8,119.0,783.5,7.5,21.8,18,6.0,0.0,1.01,drifted
3,5,9,4,90.7,136.9,822.8,6.8,17.9,29,4.7,0.0,2.18,drifted
6,5,9,4,88.1,53.3,726.9,5.4,18.7,46,3.8,0.0,4.42,drifted
1,4,9,6,92.2,102.3,751.5,8.4,29.2,17,5.1,0.0,0.0,drifted
5,4,9,6,92.2,102.3,751.5,8.4,29.1,17,5.1,0.0,0.0,drifted
6,5,9,6,92.2,102.3,751.5,8.4,26.2,22,4.2,0.0,0.0,drifted
6,5,9,6,92.2,102.3,751.5,8.4,24.7,25,3.8,0.0,0.0,drifted
4,3,9,6,92.2,102.3,751.5,8.4,28.5,17,6.0,0.0,3.33,drifted
3,3,9,6,92.2,102.3,751.5,8.4,29.2,17,5.1,0.0,6.58,drifted
7,4,9,6,91.2,124.4,795.3,8.5,26.5,18,6.5,0.0,15.64,drifted
4,4,9,6,91.2,124.4,795.3,8.5,22.1,31,4.2,0.0,11.22,drifted
1,4,9,1,92.1,87.7,721.1,9.5,23.1,44,5.1,0.0,2.13,drifted
2,3,9,1,91.6,108.4,764.0,6.2,23.0,41,7.4,0.0,0.0,drifted
4,3,9,1,91.6,108.4,764.0,6.2,14.8,76,3.8,0.0,0.0,drifted
7,4,9,1,91.6,108.4,764.0,6.2,24.3,34,4.2,0.0,0.0,drifted
6,3,9,1,91.6,108.4,764.0,6.2,28.0,24,4.2,0.0,56.04,drifted
8,6,9,1,91.6,108.4,764.0,6.2,27.7,25,4.2,0.0,7.48,drifted
2,4,9,1,91.6,108.4,764.0,6.2,25.4,31,3.8,0.0,1.47,drifted
2,5,9,1,91.6,108.4,764.0,6.2,24.3,34,4.2,0.0,3.93,drifted
8,6,9,1,91.9,111.7,770.3,6.5,20.7,41,4.2,0.0,0.0,drifted
6,3,9,1,91.5,130.1,807.1,7.5,25.6,27,3.8,0.0,0.0,drifted
8,6,9,1,91.5,130.1,807.1,7.5,20.9,41,6.5,0.0,2.18,drifted
6,3,9,1,91.5,130.1,807.1,7.5,17.2,56,6.9,0.0,6.1,drifted
2,2,9,1,91.5,130.1,807.1,7.5,21.8,33,5.1,0.0,5.83,drifted
1,4,9,1,91.5,130.1,807.1,7.5,26.3,25,4.2,0.0,28.19,drifted
5,4,9,5,92.1,99.0,745.3,9.6,15.1,65,5.6,0.0,0.0,drifted
3,4,9,5,92.1,99.0,745.3,9.6,22.4,47,6.5,0.0,0.0,drifted
5,4,9,5,92.1,99.0,745.3,9.6,17.8,54,5.6,0.0,1.64,drifted
5,4,9,5,92.1,99.0,745.3,9.6,15.1,65,5.6,0.0,3.71,drifted
4,4,9,5,92.1,99.0,745.3,9.6,20.4,43,8.3,0.0,7.31,drifted
7,4,9,5,92.1,99.0,745.3,9.6,25.6,33,5.6,0.0,2.03,drifted
7,4,9,5,92.1,99.0,745.3,9.6,24.8,37,4.7,0.0,1.72,drifted
7,4,9,5,92.1,99.0,745.3,9.6,23.7,40,4.2,0.0,5.97,drifted
4,4,9,5,92.1,99.0,745.3,9.6,25.8,25,6.9,0.0,13.06,drifted
4,4,9,5,92.1,99.0,745.3,9.6,25.8,25,6.9,0.0,1.26,drifted
6,3,9,5,92.5,122.0,789.7,10.2,20.9,45,5.6,0.0,0.0,drifted
6,3,9,5,92.5,122.0,789.7,10.2,24.7,29,4.7,0.0,0.0,drifted
1,4,9,5,92.5,122.0,789.7,10.2,26.1,29,4.2,0.0,8.12,drifted
6,5,9,5,92.5,122.0,789.7,10.2,23.4,32,4.2,0.0,1.09,drifted
4,3,9,5,92.5,122.0,789.7,10.2,22.3,35,6.0,0.0,3.94,drifted
7,4,9,5,88.2,55.2,732.3,11.6,20.2,54,5.1,0.0,0.52,drifted
4,3,9,2,91.9,111.7,770.3,6.5,20.9,43,4.2,0.0,2.93,drifted
6,5,9,2,91.9,111.7,770.3,6.5,26.1,25,4.7,0.0,5.65,drifted
6,5,9,2,91.9,111.7,770.3,6.5,24.6,35,5.1,0.0,20.03,drifted
4,5,9,2,91.1,132.3,812.1,12.5,20.9,28,7.4,0.0,1.75,drifted
4,5,9,2,91.1,132.3,812.1,12.5,21.4,17,5.6,0.0,0.0,drifted
6,5,9,6,91.2,94.3,744.4,8.4,21.8,37,6.9,0.0,12.64,drifted
4,5,9,7,91.0,276.3,825.1,7.1,18.8,67,9.6,0.0,0.0,drifted
7,4,9,7,91.0,276.3,825.1,7.1,18.8,67,9.6,0.0,11.06,drifted
3,4,7,3,91.9,133.6,520.5,8.0,19.2,48,6.0,0.0,0.0,drifted
4,5,8,7,92.0,203.2,664.5,8.1,15.4,65,2.9,0.0,0.0,drifted
5,4,8,4,94.8,222.4,698.6,13.9,25.3,32,4.7,0.0,0.0,drifted
6,5,9,5,90.3,290.0,855.3,7.4,15.3,68,6.0,0.0,18.3,drifted
6,5,9,6,91.2,94.3,744.4,8.4,20.4,47,6.9,0.0,39.35,drifted
8,6,8,1,92.1,207.0,672.6,8.2,26.1,44,4.2,0.0,0.0,drifted
2,2,8,6,93.7,231.1,715.1,8.4,26.9,32,4.2,0.0,174.63,drifted
6,5,3,4,90.9,18.9,30.6,8.0,13.7,41,7.8,0.0,0.0,drifted
4,5,1,7,18.7,1.1,171.4,0.0,10.2,90,2.9,0.0,0.0,drifted
5,4,7,3,93.7,101.3,458.8,11.9,24.3,29,9.2,0.0,7.73,drifted
8,6,8,4,90.7,194.1,643.0,6.8,21.2,53,4.7,0.0,16.33,drifted
8,6,8,3,95.2,217.7,690.0,18.0,33.2,19,3.8,0.0,5.86,drifted
9,6,8,4,91.6,248.4,753.8,6.3,25.5,48,4.7,0.0,42.87,drifted
8,4,8,6,91.6,273.8,819.1,7.7,26.3,34,6.5,0.0,12.18,drifted
2,4,8,7,91.6,181.3,613.0,7.6,25.9,40,4.2,0.0,16.0,drifted
3,4,9,7,90.5,96.7,750.5,11.4,25.6,45,7.4,0.0,24.59,drifted
5,5,3,4,90.9,18.9,30.6,8.0,16.6,38,7.4,0.0,0.0,drifted
6,4,8,5,94.8,227.0,706.7,12.0,28.3,24,5.1,0.0,28.74,drifted
7,4,8,5,94.8,227.0,706.7,12.0,28.3,24,5.1,0.0,0.0,drifted
7,4,2,1,84.7,9.5,58.3,4.1,12.5,61,8.3,0.0,9.96,drifted
8,6,9,5,91.1,91.3,738.1,7.2,25.7,36,4.7,0.0,30.18,drifted
1,3,9,7,91.0,276.3,825.1,7.1,26.9,33,6.0,0.0,70.76,drifted
2,4,3,2,93.4,15.0,25.6,11.4,20.2,9,9.6,0.0,0.0,drifted
6,5,2,1,84.1,4.6,46.7,2.2,10.3,58,3.8,0.0,0.0,drifted
4,5,2,7,85.0,9.0,56.9,3.5,15.1,52,3.8,0.0,51.78,drifted
4,3,9,7,90.5,96.7,750.5,11.4,25.4,45,6.9,0.0,3.64,drifted
5,6,8,7,91.6,181.3,613.0,7.6,29.3,23,5.6,0.0,3.63,drifted
1,2,8,6,93.7,231.1,715.1,8.4,30.9,22,5.1,0.0,0.0,drifted
9,5,6,3,93.3,49.5,297.7,14.0,33.0,24,6.5,0.0,0.0,drifted
9,5,6,3,93.3,49.5,297.7,14.0,33.0,24,6.5,0.0,8.16,drifted
3,4,9,4,91.1,88.2,731.7,8.3,27.8,36,6.0,0.0,4.95,drifted
9,9,8,5,94.8,227.0,706.7,12.0,30.0,26,6.0,0.0,0.0,drifted
8,6,8,4,90.7,194.1,643.0,6.8,26.3,31,5.6,0.0,0.0,drifted
2,4,9,3,87.9,84.8,725.1,3.7,26.8,24,4.2,0.0,6.04,drifted
2,2,8,2,94.6,212.1,680.9,9.5,32.9,17,4.2,0.0,0.0,drifted
6,5,9,6,87.1,291.3,860.6,4.0,22.0,57,6.9,0.0,3.95,drifted
4,5,2,6,84.7,8.2,55.0,2.9,19.2,36,6.0,0.0,0.0,drifted
4,3,9,5,90.3,290.0,855.3,7.4,24.9,34,5.1,0.0,7.8,drifted
1,4,7,2,92.3,96.2,450.2,12.1,28.4,21,7.4,0.0,0.0,drifted
6,3,2,5,84.1,7.3,52.8,2.7,19.7,32,4.7,0.0,0.0,drifted
7,4,2,5,84.6,3.2,43.6,3.3,13.2,43,11.4,0.0,4.62,drifted
9,4,7,1,92.3,92.1,442.1,9.8,27.8,17,6.5,0.0,1.63,drifted
7,5,8,6,93.7,231.1,715.1,8.4,31.4,23,5.6,0.0,0.0,drifted
5,4,8,7,93.6,235.1,723.1,10.1,29.1,40,6.0,0.0,0.0,drifted
8,6,8,4,94.8,222.4,698.6,13.9,32.5,17,6.9,0.0,746.28,drifted
6,3,7,2,92.7,164.1,575.8,8.9,31.3,29,5.1,0.0,7.02,drifted
6,5,3,3,93.4,17.3,28.3,9.9,18.8,14,7.8,0.0,0.0,drifted
2,4,8,7,92.0,203.2,664.5,8.1,29.9,32,7.4,0.0,2.44,drifted
2,5,8,7,91.6,181.3,613.0,7.6,29.8,26,6.0,0.0,3.05,drifted
8,8,8,3,91.7,191.4,635.9,7.8,31.2,26,6.5,0.0,185.76,drifted
2,4,8,3,95.2,217.7,690.0,18.0,35.8,9,6.5,0.0,0.0,drifted
8,6,7,7,88.9,263.1,795.9,5.2,34.3,17,5.6,0.0,6.3,drifted
1,3,9,6,91.2,94.3,744.4,8.4,27.3,38,6.0,0.0,0.72,drifted
8,6,8,6,93.7,231.1,715.1,8.4,31.9,21,5.6,0.0,4.96,drifted
2,2,8,4,91.6,248.4,753.8,6.3,25.4,46,4.2,0.0,0.0,drifted
8,6,8,4,91.6,248.4,753.8,6.3,25.4,46,4.2,0.0,0.0,drifted
2,4,8,1,92.1,207.0,672.6,8.2,32.9,23,4.2,0.0,2.35,drifted
1,3,8,4,94.8,222.4,698.6,13.9,31.2,24,7.8,0.0,0.0,drifted
3,4,8,7,91.6,181.3,613.0,7.6,29.6,34,6.0,0.0,3.2,drifted
7,4,9,4,89.7,287.2,849.3,6.8,24.4,35,5.6,0.0,0.0,drifted
1,3,8,6,92.1,178.0,605.3,9.6,28.3,30,6.0,0.0,6.36,drifted
8,6,8,4,94.8,222.4,698.6,13.9,28.9,28,8.7,0.0,0.0,drifted
2,4,8,7,93.6,235.1,723.1,10.1,25.9,56,6.9,0.0,15.34,drifted
1,4,8,5,90.6,269.8,811.2,5.5,27.2,35,5.6,0.0,0.0,drifted
2,5,7,6,90.8,84.7,376.6,5.6,28.8,41,3.8,0.0,0.0,drifted
8,6,8,1,92.1,207.0,672.6,8.2,31.8,25,3.3,0.0,0.54,drifted
8,6,8,6,89.4,253.6,768.4,9.7,19.2,63,4.7,0.0,0.0,drifted
2,5,8,6,93.7,231.1,715.1,8.4,28.6,43,6.0,0.0,6.43,drifted
1,3,9,5,91.1,91.3,738.1,7.2,24.1,36,4.2,0.0,0.33,drifted
5,4,9,5,90.3,290.0,855.3,7.4,21.2,48,5.6,0.0,0.0,drifted
8,6,8,1,92.1,207.0,672.6,8.2,30.5,19,3.8,0.0,1.23,drifted
6,5,4,1,87.9,24.9,41.6,3.7,15.9,54,5.1,0.0,3.35,drifted
1,2,7,5,90.7,80.9,368.3,16.8,19.8,68,10.0,0.0,0.0,drifted
2,5,9,5,90.3,290.0,855.3,7.4,21.2,48,5.6,0.0,9.96,drifted
5,5,8,7,94.0,47.9,100.7,10.7,22.3,70,6.5,0.0,0.0,drifted
6,5,8,7,92.0,203.2,664.5,8.1,24.1,60,4.2,0.0,0.0,drifted
3,4,3,3,93.4,17.3,28.3,9.9,13.9,25,10.0,0.0,0.0,drifted
7,4,9,3,89.7,284.9,844.0,10.1,15.5,67,6.0,0.0,0.0,drifted
7,4,8,7,91.6,181.3,613.0,7.6,24.3,51,6.9,0.0,0.0,drifted
4,5,8,3,95.2,217.7,690.0,18.0,28.4,39,7.4,0.0,6.43,drifted
1,4,8,5,90.5,196.8,649.9,16.3,16.8,78,6.9,0.0,9.71,drifted
7,4,8,1,91.5,238.2,730.6,7.5,22.7,55,6.0,0.0,0.0,drifted
4,5,8,4,89.4,266.2,803.3,5.6,22.4,44,5.1,0.0,0.0,drifted
3,4,8,4,91.6,248.4,753.8,6.3,21.8,46,5.1,0.0,0.0,drifted
3,4,7,1,94.6,160.0,567.2,16.7,22.9,38,4.7,0.0,0.0,drifted
2,4,8,4,91.6,248.4,753.8,6.3,21.6,49,4.7,0.0,0.0,drifted
1,4,8,3,91.7,191.4,635.9,7.8,24.9,40,6.0,0.0,82.75,drifted
8,6,8,6,93.7,231.1,715.1,8.4,23.9,54,6.9,0.0,3.32,drifted
7,4,8,6,91.6,273.8,819.1,7.7,20.5,62,10.0,0.0,1.94,drifted
2,5,8,6,93.7,231.1,715.1,8.4,23.9,54,6.9,0.0,0.0,drifted
8,6,8,6,93.7,231.1,715.1,8.4,23.9,54,6.9,0.0,0.0,drifted
1,4,9,7,91.0,276.3,825.1,7.1,19.5,66,9.6,0.0,3.71,drifted
6,5,2,2,75.1,4.4,16.2,1.9,9.6,72,8.3,0.0,5.39,drifted
6,4,2,2,75.1,4.4,16.2,1.9,10.1,67,7.4,0.0,2.14,drifted
2,2,2,6,79.5,3.6,15.3,1.8,9.6,49,2.9,0.0,6.84,drifted
6,5,3,1,87.2,15.1,36.9,7.1,15.2,35,7.8,0.0,3.18,drifted
3,4,3,3,90.2,18.5,41.1,7.3,16.2,31,7.4,0.0,5.55,drifted
6,5,3,4,91.3,20.6,43.5,8.5,18.3,17,5.6,0.0,6.61,drifted
6,3,4,7,91.0,14.6,25.6,12.3,18.7,23,11.4,0.0,61.13,drifted
5,4,4,7,91.0,14.6,25.6,12.3,22.6,17,7.8,0.0,0.0,drifted
4,3,5,5,89.6,25.4,73.7,5.7,23.0,30,6.0,0.0,38.48,drifted
8,3,6,1,88.2,96.2,229.0,4.7,19.3,69,6.0,0.0,1.94,drifted
9,4,6,6,90.5,61.1,252.6,9.4,29.5,40,5.1,0.0,70.32,drifted
4,3,6,4,93.0,103.8,316.7,10.8,31.4,25,4.7,0.0,10.08,drifted
2,5,6,4,93.7,121.7,350.2,18.0,27.7,30,11.4,0.0,3.19,drifted
4,3,7,4,93.5,85.3,395.0,9.9,32.2,18,3.3,0.0,1.76,drifted
4,3,7,7,93.7,101.3,423.4,14.7,31.1,35,6.0,0.0,7.36,drifted
7,4,7,7,93.7,101.3,423.4,14.7,23.2,72,6.5,0.0,2.21,drifted
7,4,7,1,89.2,103.9,431.6,6.4,27.6,47,6.9,0.0,278.53,drifted
9,9,7,4,93.2,114.4,560.0,9.5,35.2,15,6.5,0.0,2.75,drifted
4,3,7,4,93.2,114.4,560.0,9.5,35.2,12,6.9,0.0,0.0,drifted
3,4,8,7,94.9,130.3,587.1,14.1,28.4,30,7.8,0.0,1.29,drifted
8,6,8,7,94.9,130.3,587.1,14.1,36.0,17,7.4,0.0,0.0,drifted
2,5,8,7,94.9,130.3,587.1,14.1,38.1,15,6.0,0.0,26.43,drifted
2,4,8,1,95.0,135.5,596.3,21.3,35.6,18,5.6,0.0,2.07,drifted
5,4,8,2,95.1,141.3,605.8,17.7,29.1,33,8.3,0.0,2.0,drifted
5,4,8,2,95.1,141.3,605.8,17.7,31.4,24,5.6,0.0,16.4,drifted
4,4,8,2,95.1,141.3,605.8,17.7,24.4,61,9.6,0.0,46.7,drifted
4,4,8,3,95.1,141.3,605.8,17.7,25.6,48,3.3,0.0,0.0,drifted
4,4,8,3,95.1,141.3,605.8,17.7,33.7,23,6.0,0.0,0.0,drifted
4,4,8,4,95.8,152.0,624.1,13.8,37.4,11,6.5,0.0,0.0,drifted
1,3,8,5,95.9,158.0,633.6,11.3,37.4,17,4.2,0.0,0.0,drifted
1,3,8,5,95.9,158.0,633.6,11.3,32.5,19,6.5,0.0,43.32,drifted
6,6,8,6,96.0,164.0,643.0,14.0,35.8,20,6.9,0.0,8.59,drifted
6,6,8,1,96.2,175.5,661.8,16.8,28.9,32,4.2,0.0,0.0,drifted
4,5,8,1,96.2,175.5,661.8,16.8,37.6,16,5.1,0.0,2.77,drifted
3,4,8,2,96.1,181.1,671.2,14.3,37.3,17,4.2,0.0,14.68,drifted
6,5,8,2,96.1,181.1,671.2,14.3,38.3,16,4.7,0.0,40.54,drifted
7,5,8,2,96.1,181.1,671.2,14.3,32.3,53,6.9,0.6400000000000001,10.82,drifted
8,6,8,2,96.1,181.1,671.2,14.3,26.6,55,6.9,0.08,0.0,drifted
7,5,8,2,96.1,181.1,671.2,14.3,26.6,55,6.9,0.08,0.0,drifted
4,4,8,2,96.1,181.1,671.2,14.3,25.7,59,6.9,0.04,0.0,drifted
2,4,8,3,94.5,139.4,689.1,20.0,34.2,20,6.9,0.0,1.95,drifted
4,3,8,3,94.5,139.4,689.1,20.0,33.9,19,6.9,0.0,49.59,drifted
1,2,8,4,91.0,163.2,744.4,10.1,31.7,25,3.8,0.0,5.8,drifted
1,2,8,5,91.0,166.9,752.6,7.1,23.5,63,10.5,0.0,0.0,drifted
2,4,8,5,91.0,166.9,752.6,7.1,30.9,31,5.6,0.0,0.0,drifted
1,2,8,5,91.0,166.9,752.6,7.1,30.9,31,5.6,0.0,0.0,drifted
5,4,8,5,91.0,166.9,752.6,7.1,26.1,61,9.6,0.1399999999999999,2.17,drifted
6,5,8,5,91.0,166.9,752.6,7.1,23.2,52,7.4,0.0,0.43,drifted
8,6,8,7,81.6,56.7,665.6,1.9,32.8,25,4.7,0.0,0.0,drifted
4,3,8,7,81.6,56.7,665.6,1.9,32.8,22,4.7,0.0,6.44,drifted
2,4,8,7,81.6,56.7,665.6,1.9,26.9,61,7.8,0.0,54.29,drifted
7,4,8,7,81.6,56.7,665.6,1.9,26.2,60,8.7,0.0,11.16,drifted
1,4,8,6,94.4,146.0,614.7,11.3,30.6,32,6.0,0.0,0.0,drifted
6,3,11,2,79.5,3.0,106.7,1.1,16.8,21,6.5,0.0,0.0,drifted
